paper_id,wear_rate_mm3Nm,log10_wear_rate,OOF_log_prediction,OOF_wear_prediction,OOF_log_residual
ABRASIVECFPA6,0.127,-0.8961962790440431,-0.753530784978651,0.17638807273013948,-0.14266549406539208
ABRASIVECFPA6,0.134,-0.8728952016351923,-0.8004229632013482,0.1583350402483934,-0.0724722384338441
ABRASIVECFPA6,0.149,-0.826813731587726,-0.837052626476356,0.1455282723189793,0.010238894888630057
ABRASIVECFPA6,0.166,-0.7798919119599449,-0.8700269095659481,0.13488793013292066,0.09013499760600319
ABRASIVECFPA6,0.234,-0.6307841425898572,-1.172113280514726,0.06728011412742238,0.5413291379248689
ABRASIVEGFPA6,0.0723707,-1.1404372266738347,-2.3760899288953325,0.004206395179893135,1.2356527022214978
ABRASIVEGFPA6,0.0065403,-2.184402330367415,-2.3760899288953325,0.004206395179893135,0.1916875985279174
ABRASIVEGFPA6,0.0014448,-2.8401922670305693,-2.3760899288953325,0.004206395179893135,-0.4641023381352367
ABRASIVEGFPA6,0.037098,-1.430649503117481,-2.3679954611764114,0.0042855299919323025,0.9373459580589303
ABRASIVEGFPA6,0.0074569,-2.1274416809323324,-2.0603779681933854,0.008702059166736855,-0.06706371273894707
ABRASIVEGFPA6,0.0015885,-2.7990127808368337,-1.9460049926958125,0.01132387345114698,-0.8530077881410212
ABRASIVEGFPA6,0.0554373,-1.2561979296165873,-2.238673093517007,0.005772007762487427,0.9824751639004197
ABRASIVEGFPA6,0.009725,-2.012110390002255,-2.0253019442391835,0.00943404743901719,0.013191554236928749
ABRASIVEGFPA6,0.0018681,-2.7285998795589377,-1.7798248430023413,0.016602563768859737,-0.9487750365565963
ABRASIVEGFPA6,0.05087,-1.2935382623686453,-2.208871795036169,0.006181988672650981,0.9153335326675238
ABRASIVEGFPA6,0.0105562,-1.9764923901388436,-2.0166736623899784,0.00962335124740184,0.04018127225113477
ABRASIVEGFPA6,0.0021244,-2.6727637072529005,-1.767234681735303,0.017090915157580832,-0.9055290255175974
ABRASIVEGFPA6,0.0144943,-1.8388027539880578,-1.9752152365614752,0.01058728888569052,0.13641248257341743
ABRASIVEGFPA6,0.0120786,-1.9179834007736525,-2.096786433615994,0.008002276740437948,0.17880303284234156
ABRASIVEGFPA6,0.0030798,-2.5114774853555937,-1.9752152365614752,0.01058728888569052,-0.5362622487941184
AVALLE2018,6.3e-05,-4.200659450546418,-4.49765696535651,3.179384368184034e-05,0.2969975148100925
AVALLE2018,0.0001875,-3.7269987279362624,-4.6052248090229355,2.4818480641688842e-05,0.8782260810866731
AVALLE2018,0.00010283,-3.9878801641954866,-4.334594524465777,4.628129212927134e-05,0.34671436027029
AVALLE2018,3e-06,-5.522878745280337,-4.083753027293614,8.246069155945698e-05,-1.4391257179867232
AVALLE2018,1.9833e-05,-4.702611588119373,-4.285834586150711,5.1780401531221286e-05,-0.4167770019686623
AVALLE2018,2.85e-05,-4.54515513999149,-4.553904623896525,2.7931571835879583e-05,0.00874948390503505
AVALLE2018,5.1e-05,-4.292429823902063,-4.712597412514839,1.938217843757871e-05,0.4201675886127756
AVALLE2018,5.6e-05,-4.251811972993799,-4.687102129447675,2.055407186008579e-05,0.4352901564538758
AVALLE2018,4.8833e-05,-4.311286594507105,-4.469748013085615,3.390408177883984e-05,0.15846141857851048
AVALLE2018,4.8167e-05,-4.317250402139351,-4.470464850016493,3.384816660516274e-05,0.15321444787714267
AVALLE2018,4.8333e-06,-5.315756247629373,-4.267153876566247,5.4056276011787026e-05,-1.0486023710631267
AVALLE2018,8.1667e-06,-5.087953397728209,-4.417938945767403,3.819979693200962e-05,-0.6700144519608058
BOLAT2024,0.0081667,-2.087953397728209,-1.8711423383186694,0.01345419325862819,-0.21681105940953982
BOLAT2024,0.010625,-1.973671061277651,-2.1049318165841564,0.007853589248039477,0.1312607553065055
BOLAT2024,0.01175,-1.929962133392245,-2.1727851626923926,0.0067176107831053815,0.24282302930014765
BOLAT2024,0.0068125,-2.166693484715301,-2.187967673359004,0.006486827163465361,0.021274188643702896
BOLAT2024,0.0043333,-2.3631812431524586,-1.8711423383186694,0.01345419325862819,-0.4920389048337892
BOLAT2024,0.0065833,-2.1815563537221525,-1.846232227571826,0.014248454911460377,-0.3353241261503266
BOLAT2024,0.0063125,-2.1997986088732824,-1.9290015374116902,0.011776018047780279,-0.27079707146159215
BOLAT2024,0.0047083,-2.3271358728902696,-2.0777535681725907,0.00836077299210611,-0.24938230471767886
CASTPA6G2018,5.69e-06,-5.244887733604929,-4.331510946299068,4.661106796343369e-05,-0.9133767873058609
CASTPA6G2018,6.59e-06,-5.18111458540599,-6.136197306928535,7.308069907483623e-07,0.9550827215225448
CFPA6FFF2021,4.2e-07,-6.376750709602099,-5.877042083575825,1.3272658380921247e-06,-0.4997086260262744
CFPA6FFF2021,2.08e-06,-5.681936665037238,-5.483090646445914,3.287829997463651e-06,-0.19884601859132367
CFPA6FFF2021,2.31e-06,-5.636388020107856,-5.246862113780212,5.664190955844595e-06,-0.38952590632764394
CFPA6FFF2021,6.6e-07,-6.180456064458132,-5.857550751279214,1.3881910776360115e-06,-0.3229053131789179
CFPA6FFF2021,2.34e-06,-5.6307841425898575,-5.575328403429568,2.65871384164136e-06,-0.055455739160289674
CFPA6FFF2021,2.45e-06,-5.610833915635467,-5.269156365507762,5.3807601611753655e-06,-0.34167755012770584
CFPA6FFF2021,3.26e-06,-5.486782399932061,-5.857550751279214,1.3881910776360115e-06,0.37076835134715314
CFPA6FFF2021,5.54e-06,-5.2564902352715706,-5.548248244290744,2.829774024395454e-06,0.2917580090191736
CFPA6FFF2021,1.256e-05,-4.901010360598823,-5.405388614535442,3.931980772607537e-06,0.5043782539366193
CFPA6FFF2021,3.45e-06,-5.462180904926726,-6.0454154054170886,9.007091914082721e-07,0.583234500490363
CFPA6FFF2021,5.47e-06,-5.262012673666569,-5.585247149450415,2.5986802784534998e-06,0.32323447578384545
CFPA6FFF2021,1.357e-05,-4.867420152340263,-5.405388614535442,3.931980772607537e-06,0.5379684621951792
CFPA6FFF2021,3.07e-06,-5.512861624522814,-6.0454154054170886,9.007091914082721e-07,0.5325537808942746
CFPA6FFF2021,5.95e-06,-5.22548303427145,-5.558604855190467,2.763090723536475e-06,0.33312182091901654
CFPA6FFF2021,1.156e-05,-4.93704216591549,-5.246862113780212,5.664190955844595e-06,0.3098199478647219
CFPA6FFF2021,6.4e-07,-6.1938200260161125,-5.857550751279214,1.3881910776360115e-06,-0.3362692747368987
CFPA6FFF2021,7.8e-07,-6.107905397309519,-5.548248244290744,2.829774024395454e-06,-0.559657153018775
CFPA6FFF2021,1.83e-06,-5.73754891026957,-5.246862113780212,5.664190955844595e-06,-0.4906867964893582
CFPA6FFF2021,4.4e-07,-6.356547323513812,-5.880905246613863,1.3155118162720217e-06,-0.4756420768999492
CFPA6FFF2021,1.3e-06,-5.886056647693163,-5.483090646445914,3.287829997463651e-06,-0.4029660012472487
CFPA6FFF2021,2.08e-06,-5.681936665037238,-5.269156365507762,5.3807601611753655e-06,-0.4127802995294765
CFPA6FFF2021,1.91e-06,-5.718966632752273,-6.0454154054170886,9.007091914082721e-07,0.32644877266481576
CFPA6FFF2021,4.8e-06,-5.318758762624412,-5.585247149450415,2.5986802784534998e-06,0.2664883868260022
CFPA6FFF2021,6.73e-06,-5.171984935776023,-5.269156365507762,5.3807601611753655e-06,0.09717142973173853
CHEN2022,0.000836,-3.0777937225609837,-6.40478696871534,3.937431680400632e-07,3.326993246154356
CHEN2022,0.000501,-3.300162274132754,-6.496437383422741,3.1883252352822864e-07,3.196275109289987
CHERNETSSWIC,5.22e-09,-8.282329496997738,-6.82066944643265,1.511229955541136e-07,-1.4616600505650883
CHERNETSSWIC,4.8e-09,-8.318758762624412,-7.6763040994979015,2.1071521737457792e-08,-0.6424546631265109
CHERNETSSWIC,4.76e-09,-8.322393047279506,-8.120638888784306,7.574624551767098e-09,-0.2017541584952003
CHERNETSSWIC,3.85e-09,-8.414539270491499,-8.390915636472329,4.065222901584602e-09,-0.023623634019170225
CHERNETSSWIC,3.2e-09,-8.494850021680094,-8.42582976617106,3.75120012177215e-09,-0.06902025550903446
CHERNETSSWIC,2.78e-09,-8.555955204081924,-8.127668408666333,7.453008067527467e-09,-0.4282867954155911
CHERNETSSWIC,4.67e-09,-8.330683119433887,-7.23867764911647,5.771947216432511e-08,-1.0920054703174173
CHERNETSSWIC,3.9e-09,-8.4089353929735,-7.871072934531149,1.3456343519857008e-08,-0.5378624584423513
CHERNETSSWIC,3.47e-09,-8.459670525209127,-7.853085126301517,1.4025387652185056e-08,-0.60658539890761
CHERNETSSWIC,2.45e-09,-8.610833915635467,-7.438947788388749,3.6395878923339146e-08,-1.1718861272467187
CHERNETSSWIC,1.94e-09,-8.712198270069774,-8.958107726203359,1.1012661079776845e-09,0.24590945613358528
CHERNETSSWIC,1.92e-09,-8.71669877129645,-9.030488865339517,9.32204370359999e-10,0.31379009404306757
DIFALLAH2020,4.2e-05,-4.376750709602099,-4.631036848511164,2.338638804146296e-05,0.25428613890906515
DIFALLAH2020,3.65e-05,-4.437707135543525,-4.46180209553562,3.4530105437255616e-05,0.024094959992094545
DIFALLAH2020,2.45e-05,-4.610833915635467,-4.713078763976018,1.936070804837473e-05,0.10224484834055048
DIFALLAH2020,7e-06,-5.154901959985743,-4.758748459318136,1.742816009390336e-05,-0.3961535006676069
DIFALLAH2020,6.5e-06,-5.187086643357144,-5.004115756988181,9.905678834267482e-06,-0.1829708863689632
DIFALLAH2020,4.9e-05,-4.309803919971486,-4.502713861162236,3.142578528153605e-05,0.19290994119074956
DIFALLAH2020,2.7e-05,-4.568636235841013,-4.448435559535905,3.560938231937464e-05,-0.12020067630510844
DIFALLAH2020,2.15e-05,-4.667561540084395,-4.996616567832297,1.0078210664733497e-05,0.3290550277479021
DIFALLAH2020,1.1e-05,-4.958607314841775,-4.927122188735575,1.182708753848613e-05,-0.031485126106199246
DIFALLAH2020,3.1e-05,-4.508638306165727,-4.599503503228075,2.514759727652879e-05,0.09086519706234775
DIFALLAH2020,2.7e-05,-4.568636235841013,-4.715114149432696,1.927018351465235e-05,0.14647791359168316
DIFALLAH2020,2.35e-05,-4.628932137728264,-4.573004654578165,2.6729777607041245e-05,-0.0559274831500991
DIFALLAH2020,2.65e-05,-4.576754126063192,-4.566156191254631,2.7154624943489225e-05,-0.010597934808560971
DIFALLAH2020,4e-05,-4.3979400086720375,-4.6572788375633545,2.201512534202268e-05,0.259338828891317
DIFALLAH2020,3.25e-05,-4.488116639021126,-4.547428097564684,2.8351229817802738e-05,0.05931145854355879
DIFALLAH2020,2.85e-05,-4.54515513999149,-4.440718260704929,3.624780720877608e-05,-0.10443687928656065
GFRPA6PV2023,0.012371,-1.9075951931009922,-2.0565681061225476,0.00877873408068422,0.14897291302155535
GFRPA6PV2023,0.011327,-1.9458850994894141,-1.9834277218218914,0.010388964881037157,0.03754262233247729
GFRPA6PV2023,0.009951,-2.002133273760855,-2.049487091520753,0.008923041410353471,0.047353817759897776
GFRPA6PV2023,0.007551,-2.121995529731975,-2.028689012233299,0.009360757353886648,-0.09330651749867602
GFRPA6PV2023,0.010117,-1.994948250006004,-1.8761542659997539,0.013299819104022807,-0.11879398400625019
GFRPA6PV2023,0.009563,-2.0194058442237797,-1.933584011416245,0.011652416206925623,-0.08582183280753464
GFRPA6PV2023,0.007161,-2.145026326273583,-2.2167847713817443,0.006070370918384396,0.07175844510816143
GFRPA6PV2023,0.006569,-2.1825007381322417,-2.2013490540744045,0.006290004351936271,0.018848315942162852
GFRPA6PV2023,0.007391,-2.1312967977214634,-2.200213070763672,0.006306478641723959,0.0689162730422086
GFRPA6PV2023,0.012728,-1.8952398333614748,-1.9153481622982125,0.012152114074850225,0.02010832893673764
GFRPA6PV2023,0.022234,-1.6529823986750514,-1.5964315747569362,0.025326106291758074,-0.05655082391811517
GFRPA6PV2023,0.026859,-1.5709101607874267,-1.6621547559401946,0.021769339082817057,0.09124459515276784
GFRPA6PV2023,0.005877,-2.2308443092856014,-2.2391524414093498,0.0057656404851685805,0.008308132123748369
GFRPA6PV2023,0.006521,-2.1856857997925405,-2.088813786285595,0.008150536820588547,-0.09687201350694563
GFRPA6PV2023,0.008484,-2.0713993401554758,-1.85267590094469,0.014038609669671846,-0.21872343921078574
GFRPA6PV2023,0.018376,-1.7357490178130304,-1.955442869697349,0.011080443161178163,0.21969385188431856
GNPCFPBO2019,0.000298,-3.5257837359237447,-4.276096647467991,5.295455862228673e-05,0.7503129115442464
GNPCFPBO2019,0.000143,-3.844663962534938,-4.451534661699532,3.535618016720808e-05,0.606870699164594
GNPCFPBO2019,6.94e-05,-4.158640529545145,-3.854383019051854,0.0001398353523128856,-0.30425751049329053
GNPCFPBO2019,0.000131,-3.8827287043442356,-4.129382993182344,7.423641771849262e-05,0.24665428883810847
GNPCFPBO2019,0.000135,-3.869666231504994,-4.196102983736519,6.366445362417871e-05,0.3264367522315248
GNPCFPBO2019,6.12e-05,-4.213248577854439,-4.108125885732391,7.796040996890512e-05,-0.10512269212204828
GNPCFPBO2019,6.53e-05,-4.185086818724926,-4.099802561877955,7.946894327959135e-05,-0.08528425684697094
GNPCFPBO2019,0.000127,-3.896196279044043,-4.222490036559968,5.9911468314414174e-05,0.3262937575159248
GNPCFPBO2019,4.08e-05,-4.38933983691012,-4.262761013523827,5.4605826702938083e-05,-0.12657882338629367
GNPCFPBO2019,4.9e-05,-4.309803919971486,-4.3192051563156975,4.7950688093156814e-05,0.009401236344211306
GNPCFPBO2019,3.67e-05,-4.435333935747911,-4.307728053097345,4.923477379180392e-05,-0.12760588265056594
GOPOSS2020,1.13e-06,-5.94692155651658,-5.8585517030187395,1.3849952915885166e-06,-0.08836985349784054
GOPOSS2020,6.5e-07,-6.187086643357144,-6.1326413204053205,7.368153749370588e-07,-0.054445322951823805
GOPOSS2020,3.87e-07,-6.412289034981089,-6.1812111166863595,6.588535393675587e-07,-0.23107791829472912
GOPOSS2020,4.8e-07,-6.318758762624412,-6.126484604565818,7.473351262267441e-07,-0.19227415805859405
GOPOSS2020,5.8e-07,-6.236572006437063,-6.14579073751149,7.148406852909702e-07,-0.09078126892557314
GOPOSS2020,8.5e-07,-6.070581074285707,-6.271634200226685,5.350148046696272e-07,0.20105312594097757
IJEMS2018,1.76e-05,-4.7544873321858505,-5.291767719352477,5.107781145409532e-06,0.5372803871666267
IJEMS2018,1.76e-05,-4.7544873321858505,-5.1323816308501256,7.372560908197295e-06,0.37789429866427504
IJEMS2018,2.94e-05,-4.531652669587842,-4.246099948520399,5.6741400573698267e-05,-0.2855527210674431
IJEMS2018,4.42e-05,-4.354577730650908,-3.9105995081513303,0.00012285716566347684,-0.4439782224995774
IJEMS2018,1.66e-05,-4.779891911959945,-4.701079625800585,1.990308392079305e-05,-0.07881228615936031
IJEMS2018,1.66e-05,-4.779891911959945,-5.148850129327903,7.098226783935494e-06,0.3689582173679584
IJEMS2018,3.89e-05,-4.410050398674293,-4.151517671183903,7.054761380626028e-05,-0.25853272749038947
IJEMS2018,3.33e-05,-4.47755576649368,-4.930864941911697,1.172559954763218e-05,0.45330917541801696
IJEMS2018,3.14e-05,-4.503070351926785,-4.851974411815828,1.4061303694443758e-05,0.34890405988904316
IJEMS2018,3.15e-05,-4.501689446210399,-4.369374242744895,4.2719460289856755e-05,-0.13231520346550418
IJEMS2018,1.04e-05,-4.982966660701219,-4.862709118961246,1.3718002606430811e-05,-0.12025754173997338
IJEMS2018,1.57e-05,-4.804100347590766,-4.839015381065285,1.4487205444427714e-05,0.034915033474518964
IJEMS2018,2.96e-05,-4.528708288941061,-4.71549733564418,1.925318856691645e-05,0.1867890467031188
IJEMS2018,2.22e-05,-4.653647025549361,-4.7932229543722915,1.609818987957677e-05,0.13957592882293035
IJEMS2018,1.97e-05,-4.705533773838407,-4.863147226571868,1.3704171136658072e-05,0.15761345273346095
IJEMS2018,1.11e-05,-4.954677021213342,-4.97004689393758,1.0714036117420669e-05,0.01536987272423751
IJEMS2018,1.5e-05,-4.823908740944319,-4.578116367019387,2.6417008320489203e-05,-0.2457923739249317
IJEMS2018,1.05e-05,-4.978810700930062,-5.061308794934006,8.683427948997116e-06,0.08249809400394437
JAPIC2022,5.49e-07,-6.2604276555499085,-5.718794388345342,1.9107576703800734e-06,-0.541633267204567
JAPIC2022,6.66e-07,-6.176525770829699,-6.238920684150099,5.768718087323262e-07,0.062394913320400036
JAPIC2022,9.35e-07,-6.029188389127482,-5.334235666963085,4.631955016213357e-06,-0.6949527221643965
JAPIC2022,1.877e-06,-5.7265357273786535,-4.897087974815305,1.267395104262297e-05,-0.8294477525633486
JAPIC2022,6.27e-07,-6.202732459169283,-5.334235666963085,4.631955016213357e-06,-0.8684967922061979
JAPIC2022,6.96e-07,-6.157390760389438,-4.897087974815305,1.267395104262297e-05,-1.260302785574133
JOZWIK2020,0.00016,-3.795880017344075,-4.568737650045968,2.6993695835499837e-05,0.7728576327018928
JOZWIK2020,1.5e-05,-4.823908740944319,-3.8742455170140775,0.00013358401208093745,-0.9496632239302412
JOZWIK2020,0.00012,-3.9208187539523753,-4.548894651066532,2.8255653029656012e-05,0.6280758971141567
JOZWIK2020,0.00024,-3.619788758288394,-3.637878694135729,0.000230208473919002,0.01808993584733498
JOZWIK2020,0.00015,-3.8239087409443187,-3.758659350946828,0.00017431736363826035,-0.06524938999749086
JOZWIK2020,0.000133,-3.876148359032914,-3.6369793185996775,0.00023068570402147876,-0.23916904043323672
KHAKBAZ2024,0.00322,-2.492144128304169,-1.9554995558882755,0.011078996983175209,-0.5366445724158937
KHAKBAZ2024,0.00788,-2.1034737825104446,-1.976544660544954,0.01055492956327979,-0.12692912196549067
KHAKBAZ2024,0.00757,-2.1209041204999273,-1.8730795025504734,0.013394314667985319,-0.24782461794945387
KHAKBAZ2024,0.0204,-1.6903698325741012,-1.7713021565929021,0.01693159389702081,0.0809323240188009
KHAKBAZ2024,0.0628,-1.202040356262804,-1.4725657110148545,0.033684824499334534,0.27052535475205053
KHAKBAZ2024,0.0585,-1.2328441339178196,-1.3890745367431623,0.04082493136356505,0.15623040282534273
KHAKBAZ2024,0.0174,-1.7594507517174003,-1.7366055889679513,0.018339792219725516,-0.022845162749449033
KHAKBAZ2024,0.037,-1.431798275933005,-1.334034654960218,0.04634099400037293,-0.09776362097278701
KHAKBAZ2024,0.0425,-1.3716110699496884,-1.3890745367431623,0.04082493136356505,0.01746346679347388
KHAKBAZ2024,0.0174,-1.7594507517174003,-1.7299167112842238,0.01862444280778902,-0.029534040433176534
KHAKBAZ2024,0.037,-1.431798275933005,-1.4725657110148545,0.033684824499334534,0.040767435081849435
KHAKBAZ2024,0.0413,-1.3840499483435988,-1.2955745609426947,0.050632041549657905,-0.0884753874009041
KHAKBAZ2024,0.0201,-1.6968039425795112,-1.7713021565929021,0.01693159389702081,0.07449821401339096
KHAKBAZ2024,0.0493,-1.30715308072277,-1.4725657110148545,0.033684824499334534,0.16541263029208442
KHAKBAZ2024,0.0562,-1.250263684430939,-1.3890745367431623,0.04082493136356505,0.13881085231222334
KULKARNI2014,0.002682,-2.57154122648442,-2.5387687687639833,0.0028922193756900872,-0.03277245772043669
KULKARNI2014,0.002685,-2.571055709964426,-2.625160302235419,0.002370498570529862,0.05410459227099329
KULKARNI2014,0.001953,-2.7092977567121457,-2.6239812670006355,0.0023769428122376425,-0.08531648971151018
KULKARNI2014,0.001961,-2.707522406332216,-2.660123188364792,0.0021871411496658024,-0.04739921796742408
KULKARNI2014,0.003141,-2.502932063601495,-2.818553794494419,0.0015186098256478775,0.31562173089292367
KULKARNI2014,0.001205,-2.919012953089113,-2.780130100728582,0.0016590898227688729,-0.13888285236053077
KULKARNI2014,0.001365,-2.8648673486232252,-2.8928024581182297,0.0012799633720582105,0.02793510949500444
KULKARNI2014,0.00141,-2.85078088734462,-2.8911453015102744,0.0012848567146806287,0.040364414165654505
KULKARNI2014,0.000909,-3.0414361167780326,-2.9721058235227824,0.0010663362579042138,-0.0693302932552502
KULKARNI2014,0.002912,-2.5358086293590003,-2.6352198708182044,0.002316221716575989,0.0994112414592041
KULKARNI2014,0.002048,-2.6886700476962067,-2.6548882129868514,0.0022136644315341957,-0.03378183470935525
KULKARNI2014,0.002742,-2.561932549546506,-2.753013229585247,0.0017659840240274083,0.1910806800387408
KULKARNI2014,0.001577,-2.802168306671097,-2.6907455152603306,0.002038236078682301,-0.11142279141076639
KULKARNI2014,0.002048,-2.6886700476962067,-2.77917910381972,0.0016627267974565275,0.09050905612351334
KULKARNI2014,0.001163,-2.9344202852715515,-2.8388381235330717,0.0014493119612169893,-0.09558216173847978
KULKARNI2014,0.001096,-2.9601894458516496,-2.9681510650650127,0.0010760908409051136,0.007961619213363136
KULKARNI2014,0.001048,-2.9796387173522922,-2.9618452883797692,0.0010918292167828199,-0.017793428972523007
KULKARNI2014,0.001033,-2.9858996784803793,-3.080812826979968,0.0008302084951782177,0.09491314849958865
KULKARNI2014,0.002403,-2.6192462291961,-2.5433214134274014,0.002862059028206465,-0.07592481576869847
KULKARNI2014,0.002122,-2.6732546204346783,-2.6964645302340204,0.002011571480868722,0.02320990979934212
KULKARNI2014,0.002338,-2.6311554931741785,-2.713097863994222,0.0019359856594441695,0.0819423708200433
KULKARNI2014,0.001294,-2.8880657236673186,-2.727348581203744,0.001873490170244029,-0.1607171424635747
KULKARNI2014,0.001747,-2.7577070950170692,-2.8034167589881127,0.0015724731587453474,0.04570966397104348
KULKARNI2014,0.001378,-2.860750782428393,-2.8730493041550993,0.001339524606566629,0.012298521726706202
KULKARNI2014,0.000898,-3.0467236633326955,-2.8670548493058794,0.0013581419089592143,-0.17966881402681611
KULKARNI2014,0.000994,-3.002613615602687,-2.877259773315802,0.001326600713929119,-0.12535384228688473
KULKARNI2014,0.000721,-3.142064735280571,-2.9753398303048257,0.0010584251958423317,-0.16672490497574532
KUMAR2024,2.57e-06,-5.590066876668706,-5.248252680752016,5.64608379385264e-06,-0.34181419591669027
KUMAR2024,3.08e-06,-5.511449283499556,-5.227529346467287,5.922030687412076e-06,-0.2839199370322687
KUMAR2024,3.89e-06,-5.410050398674292,-5.297454027837615,5.041339812880255e-06,-0.11259637083667684
KUMAR2024,1.44e-06,-5.841637507904751,-5.6806538047858695,2.0861531848301753e-06,-0.16098370311888122
KUMAR2024,2.28e-06,-5.642065152999546,-5.501952612652175,3.148091794363216e-06,-0.14011254034737064
KUMAR2024,2.4e-06,-5.619788758288394,-5.583830688149143,2.6071697699211065e-06,-0.035958070139250786
KUMAR2024,8.8e-07,-6.055517327849832,-6.107872659942611,7.800587990630869e-07,0.05235533209277943
KUMAR2024,1.26e-06,-5.8996294548824375,-5.9681403700059,1.076117341349732e-06,0.06851091512346219
KUMAR2024,1.45e-06,-5.838631997765025,-5.8513514137274285,1.4081489195177046e-06,0.01271941596240378
KUMAR2024,3.3e-07,-6.481486060122113,-6.3370324193749035,4.602222174609733e-07,-0.14445364074720946
KUMAR2024,4.8e-07,-6.318758762624412,-6.283891175406316,5.201263123581135e-07,-0.034867587218096574
KUMAR2024,5.8e-07,-6.236572006437063,-6.116518449572519,7.646832026982554e-07,-0.12005355686454422
KUMAR2024,6.7e-07,-6.173925197299173,-6.114849489314392,7.676274750567216e-07,-0.05907570798478101
KUMAR2024,9.2e-07,-6.036212172654444,-6.025285771519783,9.434398760641784e-07,-0.010926401134661035
KUMAR2024,1.55e-06,-5.809668301829708,-5.846903131752743,1.422646069218454e-06,0.03723482992303495
KUMAR2024,3.7e-06,-5.431798275933005,-5.25448840806256,5.565594894243984e-06,-0.177309867870445
KUMAR2024,5.23e-06,-5.281498311132726,-5.158596025392784,6.940711210148616e-06,-0.12290228573994177
KUMAR2024,5.44e-06,-5.2644011003018205,-5.155997587443483,6.982362828504132e-06,-0.10840351285833716
KUMAR2024,3.2e-06,-5.494850021680094,-5.590047529981174,2.570114489353457e-06,0.09519750830108009
KUMAR2024,4.45e-06,-5.351639989019068,-5.494175617907314,3.2049730508929465e-06,0.142535628888246
KUMAR2024,4.5e-06,-5.346787486224656,-5.353486052978564,4.431124444640869e-06,0.0066985667539078975
KUMAR2024,1.26e-06,-5.8996294548824375,-5.967044247423869,1.0788368010057896e-06,0.0674147925414319
KUMAR2024,1.59e-06,-5.798602875679548,-5.862187894146239,1.3734476349644294e-06,0.06358501846669107
KUMAR2024,2.38e-06,-5.623423042943488,-5.693427940650064,2.0256856863531343e-06,0.07000489770657659
KUMAR2024,4.7e-07,-6.327902142064283,-6.180188522968861,6.604067097109293e-07,-0.14771361909542158
KUMAR2024,6.8e-07,-6.167491087293763,-6.073788471918592,8.437456136258591e-07,-0.09370261537517166
KUMAR2024,7.8e-07,-6.107905397309519,-5.853719383274274,1.4004919495970592e-06,-0.25418601403524477
KUMAR2024,8.2e-07,-6.086186147616283,-6.029473255766663,9.343869068471054e-07,-0.05671289184962003
KUMAR2024,1.19e-06,-5.924453038607469,-5.877139271237497,1.3269688519770236e-06,-0.04731376736997195
KUMAR2024,3.18e-06,-5.497572880015567,-5.798961047444244,1.5886892342461633e-06,0.30138816742867736
KUMAR2025,2.8e-05,-4.552841968657781,-4.581325768335139,2.6222508307097054e-05,0.02848379967735859
KUMAR2025,3.1e-05,-4.508638306165727,-4.420015178984889,3.801761085895524e-05,-0.08862312718083754
KUMAR2025,3.9e-05,-4.4089353929735005,-4.447809364512283,3.566076335768335e-05,0.03887397153878247
KUMAR2025,2.4e-05,-4.619788758288394,-4.660477144144426,2.1853593267393097e-05,0.04068838585603274
KUMAR2025,3.8e-05,-4.42021640338319,-4.550784844407107,2.8132942307346513e-05,0.13056844102391718
KUMAR2025,4.2e-05,-4.376750709602099,-4.444390837339619,3.594257293287449e-05,0.06764012773752004
KUMAR2025,1.1e-05,-4.958607314841775,-4.739815586359213,1.8204737188060115e-05,-0.2187917284825618
KUMAR2025,1.5e-05,-4.823908740944319,-4.6876538782592645,2.05279755490211e-05,-0.13625486268505416
KUMAR2025,1.6e-05,-4.795880017344075,-4.645706493432831,2.260963266894783e-05,-0.15017352391124383
KUMAR2025,1e-05,-5.0,-4.8761074274047065,1.3301253564879756e-05,-0.12389257259529352
KUMAR2025,1e-05,-5.0,-4.779979676595808,1.6596645718936252e-05,-0.2200203234041922
KUMAR2025,1.1e-05,-4.958607314841775,-4.761973883551231,1.7299203854475145e-05,-0.196633431290544
KUMAR2025,3.7e-05,-4.431798275933005,-4.526146452962713,2.977512182237175e-05,0.09434817702970832
KUMAR2025,4.4e-05,-4.356547323513813,-4.424618706941625,3.761675192804029e-05,0.06807138342781194
KUMAR2025,5.3e-05,-4.275724130399211,-4.4722111841720515,3.371233359896995e-05,0.1964870537728407
KUMAR2025,3.7e-05,-4.431798275933005,-4.73346021288586,1.847310025169814e-05,0.30166193695285504
KUMAR2025,5.3e-05,-4.275724130399211,-4.467962718225793,3.404374131117006e-05,0.19223858782658176
KUMAR2025,5.4e-05,-4.267606240177032,-4.412154222999176,3.8712014966241264e-05,0.14454798282214387
KUMAR2025,2.1e-05,-4.6777807052660805,-4.645915200087022,2.2598769884996008e-05,-0.031865505179058395
KUMAR2025,3.9e-05,-4.4089353929735005,-4.551679477406766,2.8075048979014497e-05,0.14274408443326525
KUMAR2025,3.9e-05,-4.4089353929735005,-4.364496278594629,4.3201986951683474e-05,-0.04443911437887138
KUMAR2025,1.3e-05,-4.886056647693163,-4.983395816499696,1.0389728131461338e-05,0.09733916880653304
KUMAR2025,2.2e-05,-4.657577319177793,-4.762227342305176,1.728911080557481e-05,0.10465002312738303
KUMAR2025,2.4e-05,-4.619788758288394,-4.650224492978452,2.2375642108959863e-05,0.03043573469005878
KUMAR2025,1e-05,-5.0,-4.930162915081829,1.1744569031637783e-05,-0.06983708491817087
KUMAR2025,1.1e-05,-4.958607314841775,-4.948910903427234,1.1248357130892333e-05,-0.009696411414540584
KUMAR2025,1.1e-05,-4.958607314841775,-4.770845238797896,1.6949416867318767e-05,-0.18776207604387896
KUMAR2025,3.9e-05,-4.4089353929735005,-4.5700500646626105,2.6912245466686127e-05,0.1611146716891101
KUMAR2025,4.9e-05,-4.309803919971486,-4.428421318390027,3.728882353962868e-05,0.11861739841854124
KUMAR2025,5.1e-05,-4.292429823902063,-4.33795334518096,4.592473456096078e-05,0.045523521278896695
LI2010,3.54e-05,-4.450996737974212,-4.346284164060044,4.505218262757608e-05,-0.10471257391416877
LI2010,3.24e-05,-4.489454989793388,-4.472406504754422,3.369717514677655e-05,-0.017048485038966277
LI2010,1.48e-05,-4.8297382846050425,-4.619597508729115,2.401057116865512e-05,-0.21014077587592794
LI2010,1.47e-05,-4.8326826652518236,-4.731280619137292,1.856604423520688e-05,-0.10140204611453196
LI2010,1.1e-05,-4.958607314841775,-4.676632705137491,2.1055584159968462e-05,-0.28197460970428345
LI2010,0.000177,-3.7520267336381936,-3.8980016510922324,0.0001264731539230483,0.1459749174540388
LI2010,7.02e-05,-4.153662887870195,-4.0349044649863135,9.227743944326781e-05,-0.11875842288388139
LI2010,7.54e-05,-4.122628654130226,-4.184652260599662,6.536537234166017e-05,0.0620236064694355
LI2010,4.87e-05,-4.3124710387853655,-4.274077035846354,5.320138814276403e-05,-0.03839400293901196
LI2010,4.08e-05,-4.38933983691012,-4.424879376825543,3.759418057925001e-05,0.03553953991542258
LI2010,2.05e-05,-4.688246138944246,-4.68353594460737,2.072354532989883e-05,-0.004710194336875695
LI2010,1.45e-05,-4.838631997765025,-4.835103881983601,1.4618274677329421e-05,-0.0035281157814237574
LI2010,1.2e-05,-4.920818753952375,-4.8567677617502785,1.3906961048321418e-05,-0.06405099220209642
LI2010,1.15e-05,-4.939302159646388,-4.946747151954465,1.130453878048089e-05,0.0074449923080770475
LI2010,9.5e-06,-5.022276394711152,-5.055652397787676,8.797263537332265e-06,0.03337600307652355
LI2010,0.00024,-3.619788758288394,-4.25924837043699,5.504927828096492e-05,0.6394596121485958
LI2010,6.8e-05,-4.167491087293763,-4.205945940457979,6.223777518736229e-05,0.038454853164215486
LI2010,6.2e-05,-4.207608310501746,-4.362138092859056,4.343720846761358e-05,0.15452978235731063
LI2010,3.6e-05,-4.443697499232712,-4.449358938165348,3.553375158094076e-05,0.0056614389326359316
LI2010,1.6e-05,-4.795880017344075,-4.458407576020463,3.480105613155563e-05,-0.3374724413236123
LI2012,1.3155,0.11909085242172172,-0.26693860958344295,0.5408307675723318,0.3860294620051647
LI2012,3.1046,0.4920056531492257,0.16975314130125163,1.4782678823954827,0.32225251184797404
LI2012,1.1665,0.06688474312977147,0.3572622267090262,2.2764715478373794,-0.29037748357925475
LI2012,9.3781,0.972114859370696,0.38368885550744825,2.4192951539335517,0.5884260038632477
LI2012,0.76772,-0.11479714536879584,0.14959545403063768,1.4112223763907215,-0.2643925993994335
LI2012,1.7062,0.23202993762013333,1.0206654638028683,10.48734279452873,-0.7886355261827349
LI2012,1.1587,0.06397100696476217,0.5198677120587849,3.3103027289875273,-0.45589670509402275
LI2012,12.326,1.0908221633946567,0.47805552652068517,3.006460667698373,0.6127666368739715
LI2012,4.4251,0.6459230894875096,0.0713011923811111,1.1784229513584015,0.5746218971063985
LI2012,12.071,1.081743249922721,0.8640496158676161,7.3122261706199785,0.217693634055105
LI2013,2.769e-05,-4.557677044254426,-4.047064095911075,8.972963560882872e-05,-0.5106129483433506
LI2013,1.645e-05,-4.783834097714007,-4.327068151328052,4.709034244403552e-05,-0.45676594638595525
LI2013,1.605e-05,-4.794524963259109,-4.6857781918795425,2.0616826118551328e-05,-0.10874677137956645
LI2013,1.582e-05,-4.800793520838342,-4.871624827227093,1.3439254329656395e-05,0.0708313063887509
LI2013,1.483e-05,-4.828858848971618,-4.823040614744133,1.503001400473076e-05,-0.005818234227485064
LI2013,1.347e-05,-4.870632404277014,-4.806416497074045,1.5616492714594298e-05,-0.06421590720296955
LI2013,1.248e-05,-4.903785414653595,-4.8791197835513,1.3209312554857557e-05,-0.02466563110229547
LI2013,1.17e-05,-4.931814138253839,-4.687454876029424,2.053738402451627e-05,-0.24435926222441484
LI2013,2.174e-05,-4.662740460249724,-4.4569436434726,3.491856248557196e-05,-0.20579681677712358
LI2013,2.917e-05,-4.535063570878267,-4.6024136289784785,2.4979651266355738e-05,0.06735005810021111
LI2013,3.174e-05,-4.498393077581171,-4.68154360560535,2.081883361942565e-05,0.18315052802417942
LI2013,3.847e-05,-4.4148778136931845,-4.47935423962898,3.3162385260967915e-05,0.06447642593579506
LI2013,4.156e-05,-4.38132446111486,-4.66080843283558,2.1836929257229185e-05,0.2794839717207198
LI2013,5.997e-05,-4.222065951162221,-4.726092865514936,1.8789150040396905e-05,0.504026914352715
LI2013,2.505e-05,-4.601192269796735,-4.817763854469646,1.521374544942051e-05,0.21657158467291104
LI2013,1.853e-05,-4.732124580681102,-4.671296327488892,2.131589991939774e-05,-0.06082825319221019
LI2013,1.682e-05,-4.774174008538107,-4.817763854469646,1.521374544942051e-05,0.043589845931539806
LI2013,1.583e-05,-4.800519085137644,-4.671296327488892,2.131589991939774e-05,-0.12922275764875213
LI2013,1.485e-05,-4.828273546346769,-4.671296327488892,2.131589991939774e-05,-0.15697721885787708
LI2013,3.528e-05,-4.452471423540218,-4.43072747199458,3.7091340394837115e-05,-0.021743951545637685
LI2013,2.73e-05,-4.5638373529592435,-4.6350873037679134,2.3169288440254467e-05,0.07124995080866992
LI2013,4.192e-05,-4.37757872602433,-4.272342719719536,5.34142678978831e-05,-0.10523600630479457
LI2013,3.688e-05,-4.433209087618408,-4.523589126655982,2.9950968704532767e-05,0.09038003903757375
LI2013,3.44e-05,-4.46344155742847,-4.474322478202286,3.3548841034926955e-05,0.010880920773815639
LI2013,3.308e-05,-4.480434499119491,-4.485304490137346,3.271112720224253e-05,0.00486999101785468
LI2013,0.00010943,-3.9608636007779046,-5.069872995044524,8.513869811682102e-06,1.1090093942666197
LI2013,3.29e-06,-5.482804102050026,-5.097804813529406,7.983534133850991e-06,-0.3849992885206204
LI2013,6.02e-06,-5.220403508742176,-4.99810566735803,1.004371388869518e-05,-0.22229784138414566
LI2013,5.15e-06,-5.288192770958809,-5.289236715452716,5.137635445929735e-06,0.0010439444939063236
LI2013,5.1e-06,-5.292429823902063,-5.29435482807472,5.077444347584143e-06,0.0019250041726568412
LI2013,4.49e-06,-5.347753658996677,-5.25570707769117,5.549999222838794e-06,-0.09204658130550669
LI2024,1.5e-07,-6.823908740944319,-6.204008692151214,6.251601804334229e-07,-0.619900048793105
LI2024,1.3e-07,-6.886056647693163,-6.450643571510364,3.542879884052065e-07,-0.43541307618279923
LI2024,1.8e-07,-6.7447274948966935,-6.562435267913306,2.7388278292469967e-07,-0.18229222698338798
LI2024,4.6e-06,-5.337242168318426,-6.621494415829324,2.3905926734549183e-07,1.2842522475108984
LI2024,2.6e-06,-5.585026652029182,-6.337078782684834,4.6017308884596346e-07,0.7520521306556525
LI2024,8.8e-07,-6.055517327849832,-5.994728140110298,1.0122128815381048e-06,-0.0607891877395339
LI2024,2e-08,-7.698970004336019,-5.989247269606188,1.0250681279904981e-06,-1.709722734729831
LI2024,1.4e-07,-6.853871964321762,-6.620077765898059,2.39840341622086e-07,-0.23379419842370286
LI2024,2.9e-06,-5.5376020021010435,-5.711337562469312,1.9438486062563374e-06,0.17373556036826887
LI2024,2.1e-06,-5.6777807052660805,-5.879720663243845,1.3191049096164936e-06,0.2019399579777641
LI2024,1.7e-06,-5.769551078621726,-5.815704563062778,1.5286055671282694e-06,0.04615348444105205
LI2024,4.6e-06,-5.337242168318426,-5.687113381067941,2.055353935593172e-06,0.34987121274951516
LI2024,4.7e-06,-5.327902142064283,-5.541427586650018,2.8745668528996117e-06,0.21352544458573508
LI2024,1.8e-06,-5.7447274948966935,-5.5824034444107635,2.615751936980374e-06,-0.16232405048593002
LI2024,1.3e-06,-5.886056647693163,-5.743246821773196,1.8061473499097192e-06,-0.14280982591996683
LI2024,4.2e-07,-6.376750709602099,-6.1210878657601935,7.566797892970268e-07,-0.25566284384190574
LI2024,2.6e-06,-5.585026652029182,-5.880832533084426,1.3157320896564814e-06,0.2958058810552444
LI2024,1.9e-06,-5.721246399047171,-5.59454986380532,2.5436077303762867e-06,-0.12669653524185076
LI2024,1.5e-06,-5.823908740944319,-6.236926118978866,5.795272756790125e-07,0.41301737803454763
LI2024,4.1e-06,-5.3872161432802645,-5.881809885076356,1.3127744478683734e-06,0.4945937417960913
LI2024,4.3e-07,-6.366531544420414,-5.940535425759698,1.146738977161498e-06,-0.4259961186607155
LI2024,2.8e-07,-6.552841968657781,-6.21617616881031,6.078883651875767e-07,-0.3366657998474709
LI2024,3e-08,-7.522878745280337,-6.339313804384714,4.5781097068599146e-07,-1.1835649408956233
LI2024,4e-08,-7.3979400086720375,-6.906390375640737,1.240536721155486e-07,-0.4915496330313003
LORBER2025,0.00073,-3.136677139879544,-3.8958829565283226,0.00012709165743198962,0.7592058166487785
LORBER2025,0.00089,-3.050609993355087,-3.639672769030098,0.000229259441966329,0.5890627756750106
LORBER2025,0.00029,-3.537602002101044,-3.7477298216373787,0.0001787599310035802,0.21012781953633475
LORBER2025,0.00019,-3.721246399047171,-3.938431852679295,0.00011523068598767441,0.21718545363212405
LORBER2025,8e-05,-4.096910013008056,-3.8696781589129667,0.00013499629242821987,-0.2272318540950895
LORBER2025,0.00014,-3.853871964321762,-3.730911437265888,0.00018581833432101502,-0.12296052705587401
LORBER2025,0.0003,-3.5228787452803374,-3.8974417292211645,0.00012663631683983528,0.3745629839408271
LORBER2025,0.00012,-3.9208187539523753,-3.9952445564423447,0.00010110099820648648,0.07442580248996933
MAN2021,4.2e-07,-6.376750709602099,-5.8902330730629275,1.2875583715690537e-06,-0.4865176365391717
MAN2021,2.08e-06,-5.681936665037238,-5.472238308358174,3.3710228135754408e-06,-0.20969835667906445
MAN2021,2.31e-06,-5.636388020107856,-5.335948268956919,4.613725277354308e-06,-0.3004397511509369
MAN2021,6.6e-07,-6.180456064458132,-5.901311861419987,1.2551283480908256e-06,-0.279144203038145
MAN2021,2.34e-06,-5.6307841425898575,-5.578469893416447,2.639551297560174e-06,-0.052314249173410765
MAN2021,2.45e-06,-5.610833915635467,-5.281914231253476,5.224993671254143e-06,-0.32891968438199104
MAN2021,3.26e-06,-5.486782399932061,-6.066254264589923,8.585107456134778e-07,0.5794718646578625
MAN2021,5.54e-06,-5.2564902352715706,-5.6138928034742115,2.432804421951276e-06,0.35740256820264094
MAN2021,1.256e-05,-4.901010360598823,-5.343826615585099,4.53078427375089e-06,0.4428162549862762
MAN2021,3.45e-06,-5.462180904926726,-5.901311861419987,1.2551283480908256e-06,0.43913095649326106
MAN2021,5.47e-06,-5.262012673666569,-5.556336398979251,2.7775609709126356e-06,0.29432372531268225
MAN2021,1.357e-05,-4.867420152340263,-5.281914231253476,5.224993671254143e-06,0.4144940789132132
MAN2021,3.07e-06,-5.512861624522814,-6.066254264589923,8.585107456134778e-07,0.5533926400671092
MAN2021,5.95e-06,-5.22548303427145,-5.6138928034742115,2.432804421951276e-06,0.38840976920276127
MAN2021,1.156e-05,-4.93704216591549,-5.335948268956919,4.613725277354308e-06,0.3989061030414289
MAN2021,6.4e-07,-6.1938200260161125,-5.808325975565746,1.554798183031553e-06,-0.3854940504503661
MAN2021,7.8e-07,-6.107905397309519,-5.472238308358174,3.3710228135754408e-06,-0.6356670889513456
MAN2021,1.83e-06,-5.73754891026957,-5.281914231253476,5.224993671254143e-06,-0.4556346790160939
MAN2021,4.4e-07,-6.356547323513812,-5.808325975565746,1.554798183031553e-06,-0.5482213479480658
MAN2021,1.3e-06,-5.886056647693163,-5.578469893416447,2.639551297560174e-06,-0.30758675427671633
MAN2021,2.08e-06,-5.681936665037238,-5.3039138089127995,4.966908860911989e-06,-0.37802285612443853
MAN2021,1.91e-06,-5.718966632752273,-6.066254264589923,8.585107456134778e-07,0.3472876318376503
MAN2021,4.8e-06,-5.318758762624412,-5.578469893416447,2.639551297560174e-06,0.25971113079203434
MAN2021,6.73e-06,-5.171984935776023,-5.281914231253476,5.224993671254143e-06,0.10992929547745334
MYALSKI2020,0.000128,-3.8927900303521317,-3.5302269897688,0.00029496671410680745,-0.36256304058333155
MYALSKI2020,0.000105,-3.9788107009300617,-3.622742697627203,0.00023837313179909963,-0.3560680033028589
MYALSKI2020,0.000142,-3.8477116556169433,-3.723958811619846,0.00018881704142152328,-0.12375284399709718
MYALSKI2020,9e-05,-4.045757490560675,-3.6549625444307727,0.00022132855853827555,-0.39079494612990207
MYALSKI2020,0.000298,-3.5257837359237447,-3.802552300072367,0.0001575606268355427,0.27676856414862216
MYALSKI2020,0.000304,-3.517126416391246,-3.9737257179145713,0.00010623662911341669,0.4565993015233252
MYALSKI2020,0.00031,-3.5086383061657274,-3.88979261004708,0.00012888648802925447,0.3811543038813525
MYALSKI2020,0.00027,-3.5686362358410126,-3.88979261004708,0.00012888648802925447,0.32115637420606724
NANOZEOLITE2024,2.88e-05,-4.540607512240769,-4.493026416054802,3.213465072995005e-05,-0.04758109618596773
NANOZEOLITE2024,1.974e-05,-4.704652851666382,-4.695218283676228,2.0173521538626557e-05,-0.009434567990154186
NANOZEOLITE2024,1.657e-05,-4.780677491580663,-4.697690202218737,2.0059023990351012e-05,-0.08298728936192656
NANOZEOLITE2024,2.266e-05,-4.644740094472621,-4.608673321729679,2.4622189999959887e-05,-0.036066772742942454
NANOZEOLITE2024,6.66e-05,-4.176525770829699,-4.376067040445967,4.2066168737073285e-05,0.19954126961626883
NANOZEOLITE2024,3.275e-05,-4.484788695672198,-4.604280715596844,2.487249111528705e-05,0.11949201992464609
NANOZEOLITE2024,2.866e-05,-4.542723813938674,-4.590091705428781,2.569853076444506e-05,0.047367891490107006
NANOZEOLITE2024,4.254e-05,-4.37120251443329,-4.434766591658343,3.67479746694117e-05,0.06356407722505342
NEIS2017a,1.8e-05,-4.7447274948966935,-5.1394518718875215,7.253508563479201e-06,0.39472437699082796
NEIS2017a,1.6e-05,-4.795880017344075,-5.0037752295854485,9.913448856697517e-06,0.20789521224137353
NEIS2017a,1.5e-05,-4.823908740944319,-4.994952906440764,1.011689152775391e-05,0.1710441654964452
NEIS2017a,1.1e-05,-4.958607314841775,-5.216530429942721,6.073927028646211e-06,0.25792311510094645
NEIS2017a,1.3e-05,-4.886056647693163,-4.86064735554004,1.3783282086929902e-05,-0.02540929215312282
NEIS2017a,1.3e-05,-4.886056647693163,-4.273209242114139,5.3307799781412846e-05,-0.6128474055790241
NEIS2017a,1.1e-05,-4.958607314841775,-5.348004303170741,4.4874094359879894e-06,0.38939698832896674
NEIS2017a,1.7e-05,-4.769551078621726,-4.994797473226067,1.0120512993072124e-05,0.22524639460434148
NEIS2017a,2e-05,-4.698970004336019,-4.19893006960438,6.325136909656003e-05,-0.5000399347316389
NEIS2017a,5.55e-06,-5.255707016877324,-4.954832430437723,1.10960286537081e-05,-0.3008745864396003
NEIS2017a,6.8e-06,-5.167491087293763,-4.75330975280336,1.764778674753138e-05,-0.4141813344904035
NEIS2017a,1.18e-05,-4.928117992693875,-4.78942922983927,1.623942957438111e-05,-0.13868876285460452
NEIS2017a,9.33e-06,-5.0301183562535,-5.216530429942721,6.073927028646211e-06,0.18641207368922075
NEIS2017a,9e-06,-5.045757490560675,-4.747636626600223,1.7879829512450495e-05,-0.29812086396045157
NEIS2017a,9.93e-05,-4.0030507515046185,-4.812799047303015,1.538866525575237e-05,0.8097482957983964
NEIS2017a,3.75e-06,-5.425968732272281,-5.0889024633773845,8.148872760492524e-06,-0.33706626889489666
NEIS2017a,5e-05,-4.301029995663981,-4.994797473226067,1.0120512993072124e-05,0.6937674775620861
NEIS2017a,0.000121,-3.9172146296835497,-4.68437432429167,2.068357834673232e-05,0.7671596946081203
NEIS2017a,1.7e-06,-5.769551078621726,-5.470880538060729,3.3815784092426155e-06,-0.2986705405609973
NEIS2017a,1.95e-05,-4.709965388637482,-5.544358797656253,2.855230685218516e-06,0.8343934090187712
NEIS2017a,1.2e-06,-5.920818753952375,-5.608490973615444,2.4632530339998114e-06,-0.31232778033693087
NEIS2017a,1.1e-06,-5.958607314841775,-5.680159246857933,2.0885301693560622e-06,-0.2784480679838417
NEIS2017b,3.12e-05,-4.505845405981558,-4.449989159086117,3.548222462408972e-05,-0.05585624689544044
NEIS2017b,1.19e-06,-5.924453038607469,-4.589488621257643,2.5734241886012608e-05,-1.334964417349826
NEIS2017b,4.64e-05,-4.333482019445119,-5.228084674773279,5.914463081315581e-06,0.8946026553281596
NIE2010,0.191,-0.7189666327522725,-0.7013054750708392,0.19892736268312014,-0.01766115768143328
NIE2010,0.152,-0.8181564120552275,-0.8337157047278847,0.14665075232482166,0.01555929267265721
NIE2010,0.133,-0.8761483590329142,-0.835416115944362,0.14607768715046957,-0.04073224308855217
NIE2010,0.124,-0.906578314837765,-0.9576898807471612,0.11023261731976458,0.05111156590939625
NIE2010,0.211,-0.6757175447023074,-0.6393835019438048,0.2294121938527588,-0.036334042758502605
NIE2010,0.164,-0.7851561519523022,-0.7401006321346935,0.18192792571957572,-0.04505551981760869
NIE2010,0.14,-0.8538719643217619,-0.8140534273875404,0.15344282041327365,-0.03981853693422155
NIE2010,0.131,-0.8827287043442357,-0.8855641655444249,0.13014750128315045,0.002835461200189182
NIE2010,0.222,-0.6536470255493614,-0.7670075715237177,0.1709985502810388,0.1133605459743563
NIE2010,0.174,-0.7594507517174003,-0.814682930806395,0.15322056843223233,0.05523217908899469
NIE2010,0.154,-0.8124792791635369,-0.8840376325957244,0.13060577103839968,0.07155835343218753
NIE2010,0.148,-0.8297382846050426,-0.8803364471455448,0.1317235882936307,0.0505981625405022
NIE2010,0.234,-0.6307841425898572,-0.8111440045999214,0.15447421446137438,0.18035986201006426
NIE2010,0.191,-0.7189666327522725,-0.8811523695934396,0.13147634744481024,0.1621857368411671
NIE2010,0.172,-0.7644715530924511,-0.9025086039959689,0.1251674475321259,0.1380370509035178
NIE2010,0.181,-0.7423214251308154,-0.9250935015976025,0.1188246375935426,0.18277207646678706
NIE2010,0.199,-0.7011469235902933,-0.6393835019438048,0.2294121938527588,-0.061763421646488514
NIE2010,0.153,-0.8153085691824012,-0.7401006321346935,0.18192792571957572,-0.07520793704770778
NIE2010,0.133,-0.8761483590329142,-0.8220927866761096,0.15062852151492007,-0.05405557235680458
NIE2010,0.126,-0.8996294548824371,-0.8170342089924763,0.15239327102368758,-0.08259524588996081
NIE2010,0.222,-0.6536470255493614,-0.6679582142546678,0.21480371380847932,0.014311188705306455
NIE2010,0.172,-0.7644715530924511,-0.7423298832328182,0.1809964749689008,-0.02214166985963284
NIE2010,0.149,-0.826813731587726,-0.8085789656548665,0.15538927283213946,-0.018234765932859442
NIE2010,0.139,-0.8569851997459049,-0.8149881021852976,0.1531129407516486,-0.04199709756060732
NIE2010,0.24,-0.619788758288394,-0.6764487950311224,0.2106450242834596,0.05666003674272846
NIE2010,0.185,-0.7328282715969862,-0.7423298832328182,0.1809964749689008,0.009501611635832075
NIE2010,0.156,-0.8068754016455384,-0.8140534273875404,0.15344282041327365,0.007178025742001992
OZSARIKAYA2025,1.885e-10,-9.724688645458189,-9.72087133946538,1.9016415612733865e-10,-0.0038173059928094943
OZSARIKAYA2025,2.154e-10,-9.666754301038036,-9.498855852290564,3.1706196562906295e-10,-0.16789844874747217
OZSARIKAYA2025,2.333e-10,-9.632085261206248,-9.394726194189609,4.029710118341387e-10,-0.237359067016639
OZSARIKAYA2025,2.004e-10,-9.698102282804792,-9.545935166391835,2.844885774236379e-10,-0.1521671164129561
OZSARIKAYA2025,2.244e-10,-9.648977147415875,-9.580746903323224,2.6257483223531655e-10,-0.06823024409265166
OZSARIKAYA2025,2.483e-10,-9.605023280445435,-9.585016469298491,2.600060961884798e-10,-0.020006811146943804
OZSARIKAYA2025,2.131e-10,-9.671416550285798,-9.459371541042216,3.472389697088566e-10,-0.21204500924358172
OZSARIKAYA2025,2.311e-10,-9.636200054520891,-9.544206149539916,2.856234433158221e-10,-0.09199390498097593
OZSARIKAYA2025,2.558e-10,-9.592099459857366,-9.5979738214616,2.523632888227192e-10,0.0058743616042349345
OZSARIKAYA2025,1.447e-10,-9.839531468880962,-9.82789509773756,1.4862946080225e-10,-0.011636371143401547
OZSARIKAYA2025,1.535e-10,-9.813891620186794,-9.85780688680979,1.3873726002153996e-10,0.04391526662299583
OZSARIKAYA2025,2.061e-10,-9.685922008220787,-9.666336428072096,2.156073550498644e-10,-0.01958558014869105
OZSARIKAYA2025,1.695e-10,-9.770830297460899,-9.7133506863937,1.9348589628839285e-10,-0.05747961106719934
OZSARIKAYA2025,1.871e-10,-9.72792621249999,-9.734435729991755,1.843165233582399e-10,0.0065095174917662035
OZSARIKAYA2025,2.134e-10,-9.670805584911548,-9.662482415958264,2.1752921070999954e-10,-0.00832316895328411
OZSARIKAYA2025,1.929e-10,-9.714667772356115,-9.768885889889912,1.7026058063053873e-10,0.05421811753379657
OZSARIKAYA2025,2.039e-10,-9.69058277422186,-9.659288550236372,2.1913484944852672e-10,-0.031294223985488756
OZSARIKAYA2025,2.39e-10,-9.621602099051863,-9.619143559494049,2.403568150112569e-10,-0.0024585395578142766
OZSARIKAYA2025,1.294e-10,-9.888065723667319,-9.928060138057791,1.1801572044334545e-10,0.039994414390472244
OZSARIKAYA2025,1.42e-10,-9.847711655616944,-9.851429481617204,1.4078958162909683e-10,0.0037178260002601604
OZSARIKAYA2025,1.921e-10,-9.716472635138306,-9.758513247228606,1.7437601669629874e-10,0.0420406120903003
OZSARIKAYA2025,1.448e-10,-9.839231438138873,-9.776800425759093,1.6718587182027497e-10,-0.062431012379779105
OZSARIKAYA2025,1.615e-10,-9.791827473332878,-9.694542210365615,2.0204950445573871e-10,-0.09728526296726336
OZSARIKAYA2025,2.005e-10,-9.697885623043799,-9.82758765219645,1.4873471575040005e-10,0.12970202915265006
OZSARIKAYA2025,1.545e-10,-9.811071516239146,-9.75804224143707,1.7456523546537452e-10,-0.053029274802074866
OZSARIKAYA2025,1.817e-10,-9.740645072691965,-9.72662656682113,1.876607437326691e-10,-0.014018505870835085
OZSARIKAYA2025,2.109e-10,-9.675923420260514,-9.67800041429511,2.0989378813413173e-10,0.002076994034595714
OZSARIKAYA2025,9.244e-11,-10.034140063192929,-9.951654743119887,1.1177514884831402e-10,-0.08248532007304199
OZSARIKAYA2025,1.125e-10,-9.948847477552619,-10.027322383036413,9.390259992878485e-11,0.07847490548379454
OZSARIKAYA2025,1.527e-10,-9.816160962943579,-9.790691803860401,1.619228712170472e-10,-0.025469159083177928
OZSARIKAYA2025,1.125e-10,-9.948847477552619,-9.89347053429929,1.2779959151756822e-10,-0.05537694325332865
OZSARIKAYA2025,1.233e-10,-9.909036923404269,-9.785907431932621,1.637165439263765e-10,-0.12312949147164787
OZSARIKAYA2025,1.661e-10,-9.779630367548606,-9.90897445509588,1.2331773657441875e-10,0.129344087547274
OZSARIKAYA2025,1.185e-10,-9.926281649653877,-9.879952091747253,1.3184021672072433e-10,-0.046329557906624075
OZSARIKAYA2025,1.346e-10,-9.870954940112043,-9.816162054591917,1.5269961617174822e-10,-0.05479288552012562
OZSARIKAYA2025,1.788e-10,-9.747632485540102,-9.831109787436093,1.4753335293188395e-10,0.08347730189599112
OZSARIKAYA2025,7.103e-11,-10.148558185327945,-10.154368489882854,7.008603805349946e-11,0.005810304554909607
OZSARIKAYA2025,8.287e-11,-10.0816026611563,-10.149841315866404,7.082045035117585e-11,0.06823865471010393
OZSARIKAYA2025,1.026e-10,-9.988852639224202,-9.958280092760784,1.1008291146661371e-10,-0.030572546463417893
OZSARIKAYA2025,8.418e-11,-10.074791078587996,-10.05420587701757,8.826613761727298e-11,-0.020585201570426648
OZSARIKAYA2025,9.471e-11,-10.02360416338812,-10.093864323214895,8.056300866437648e-11,0.07026015982677514
OZSARIKAYA2025,1.131e-10,-9.946537395074545,-10.02591381689141,9.420765273534939e-11,0.07937642181686577
OZSARIKAYA2025,9.668e-11,-10.014663358264388,-10.025490627129036,9.42994962800058e-11,0.010827268864648687
OZSARIKAYA2025,1.085e-10,-9.964570261815451,-10.003441408957674,9.921071762438438e-11,0.038871147142222284
OZSARIKAYA2025,1.223e-10,-9.912573542963715,-10.014779224048095,9.665421010331511e-11,0.10220568108437966
OZSARIKAYA2025,5.654e-11,-10.2476441958465,-10.118258904971977,7.616248314609396e-11,-0.12938529087452189
OZSARIKAYA2025,6.866e-11,-10.163296200910269,-10.190706137634397,6.446052857038762e-11,0.02740993672412806
OZSARIKAYA2025,7.269e-11,-10.138525331142832,-10.025190313705094,9.436472666960618e-11,-0.11333501743773766
OZSARIKAYA2025,6.731e-11,-10.171920409443254,-10.099084526666607,7.960044091269393e-11,-0.07283588277664776
OZSARIKAYA2025,7.539e-11,-10.122686256687762,-10.075093055368033,8.412148769855407e-11,-0.04759320131972977
OZSARIKAYA2025,8.616e-11,-10.064694309710076,-10.065592537361692,8.598198411278639e-11,0.0008982276516160681
OZSARIKAYA2025,7.673e-11,-10.115034801799267,-10.059709021346016,8.71547333804216e-11,-0.05532578045325032
OZSARIKAYA2025,8.683e-11,-10.061330198977322,-10.047671022374494,8.96043260390148e-11,-0.013659176602827117
OZSARIKAYA2025,9.693e-11,-10.013541787262694,-10.041434802730214,9.090027503717506e-11,0.027893015467519433
OZSARIKAYA2025,6.687e-11,-10.1747686768001,-10.15746304095272,6.95884172864268e-11,-0.01730563584738043
OZSARIKAYA2025,7.474e-11,-10.12644690648638,-10.160808626736467,6.905440272585982e-11,0.03436172025008588
OZSARIKAYA2025,8.654e-11,-10.062783109137294,-10.01323615294774,9.699823840080543e-11,-0.049546956189553626
OZSARIKAYA2025,7.343e-11,-10.134126471792186,-10.140478729048786,7.236378438733957e-11,0.006352257256599714
OZSARIKAYA2025,8.655e-11,-10.062732927788588,-10.0418450347194,9.081445171753325e-11,-0.02088789306918848
OZSARIKAYA2025,9.965e-11,-10.001522696963493,-9.998936616083137,1.0024515320575818e-10,-0.0025860808803557234
OZSARIKAYA2025,8.064e-11,-10.093449480898549,-10.06874596663287,8.535992667769347e-11,-0.024703514265679516
OZSARIKAYA2025,1.023e-10,-9.99012436628784,-10.057953899954065,8.750766590536141e-11,0.0678295336662238
OZSARIKAYA2025,1.081e-10,-9.966174306046689,-9.980488383993645,1.0459516659941104e-10,0.01431407794695616
PA66BLEND2017,6.3e-06,-5.200659450546418,-5.85776028449545,1.3875214813220133e-06,0.6571008339490323
PA66BLEND2017,3.8e-06,-5.42021640338319,-5.648959514470235,2.2440911112964652e-06,0.22874311108704504
PA66BLEND2017,3e-06,-5.522878745280337,-5.40639385150754,3.9228901630335105e-06,-0.1164848937727978
PA66BLEND2017,2.7e-06,-5.568636235841013,-5.19799082262681,6.338831061320659e-06,-0.37064541321420297
PA66BLEND2017,6.7e-06,-5.173925197299174,-5.530053312166745,2.950846970850512e-06,0.35612811486757057
PA66BLEND2017,4.6e-06,-5.337242168318426,-5.6684027449819165,2.145839596945513e-06,0.33116057666349086
PA66BLEND2017,4e-06,-5.3979400086720375,-5.438945793823008,3.639604607752355e-06,0.0410057851509702
PA66BLEND2017,3.6e-06,-5.443697499232713,-5.204080798127354,6.250563936136409e-06,-0.23961670110535938
PA66BLEND2017,5e-06,-5.301029995663981,-5.6418303577210756,2.281232983594189e-06,0.3408003620570943
PA66BLEND2017,2.8e-06,-5.552841968657781,-5.521597686292407,3.008862306342881e-06,-0.0312442823653738
PA66BLEND2017,2.1e-06,-5.6777807052660805,-5.519504472413299,3.023399435044434e-06,-0.15827623285278136
PA66BLEND2017,1.8e-06,-5.7447274948966935,-5.53699202414572,2.904075987571758e-06,-0.20773547075097376
PA66BLEND2017,7e-06,-5.154901959985743,-5.518364951613545,3.031342778811164e-06,0.36346299162780227
PA66BLEND2017,1.2e-05,-4.920818753952375,-5.200805252719886,6.297885306953997e-06,0.2799864987675109
PA66BLEND2017,1.8e-05,-4.7447274948966935,-4.900723847023395,1.2568288840773984e-05,0.15599635212670115
PA66BLEND2017,6.5e-06,-5.187086643357144,-5.540917305945101,2.8779463526148612e-06,0.35383066258795637
PA66BLEND2017,1e-05,-5.0,-4.894698205505483,1.2743883554205997e-05,-0.10530179449451715
PA66BLEND2017,1.4e-05,-4.853871964321762,-4.688533811834847,2.0486425474474283e-05,-0.16533815248691486
PA66BLEND2017,4e-06,-5.3979400086720375,-5.526047552846274,2.978190316190716e-06,0.1281075441742363
PA66BLEND2017,6.5e-06,-5.187086643357144,-5.130732206203559,7.400614696208919e-06,-0.056354437153585124
PA66BLEND2017,9e-06,-5.045757490560675,-4.954355584377896,1.1108218546933264e-05,-0.09140190618277888
PA66GFGREASE2020,1.47e-06,-5.8326826652518236,-5.642152694654848,2.2795404619046177e-06,-0.19052997059697585
PA66GFGREASE2020,7.5e-07,-6.1249387366083,-6.043461178866361,9.047713106932587e-07,-0.08147755774193932
PA66GFGREASE2020,1.84e-06,-5.735182176990463,-5.724533791368552,1.8856722443363406e-06,-0.01064838562191106
PA66GFGREASE2020,8.6e-07,-6.0655015487564325,-6.043461178866361,9.047713106932587e-07,-0.022040369890071965
PA66GFGREASE2020,1.29e-06,-5.889410289700751,-6.10599978194611,7.834300361166479e-07,0.21658949224535906
PA66GFGREASE2020,2.92e-06,-5.534617148551582,-6.259070861097118,5.507178319119319e-07,0.7244537125455368
PA66GFGREASE2020,5.85e-07,-6.232844133917819,-6.246536305982137,5.668441827216585e-07,0.013692172064318164
PA66GFGREASE2020,3.9e-07,-6.4089353929735005,-6.282674227425304,5.215858158684864e-07,-0.12626116554819689
PA66GFGREASE2020,3.05e-07,-6.515700160653214,-6.246536305982137,5.668441827216585e-07,-0.26916385467107684
PA66GFGREASE2020,6.2e-07,-6.2076083105017466,-5.98773027375314,1.028654964084556e-06,-0.2198780367486064
PA66GFGREASE2020,7.8e-07,-6.107905397309519,-6.060367221073813,8.702274511926477e-07,-0.04753817623570633
PA66GFGREASE2020,8.5e-07,-6.070581074285707,-6.074159173318952,8.430257236837589e-07,0.003578099033244797
PA66GFGREASE2020,9.2e-07,-6.036212172654444,-5.98773027375314,1.028654964084556e-06,-0.04848189890130428
PA66GFGREASE2020,9.8e-07,-6.008773924307505,-5.98773027375314,1.028654964084556e-06,-0.021043650554364746
PA66GFGREASE2020,1.1e-06,-5.958607314841775,-6.0577508330051035,8.754859221350755e-07,0.09914351816332889
PA6B2O32021,5.75e-05,-4.2403321553103694,-4.511358141144348,3.0806464459577796e-05,0.27102598583397874
PA6B2O32021,1.15e-05,-4.939302159646388,-5.005266715564767,9.87946175706141e-06,0.06596455591837902
PA6B2O32021,8.5e-06,-5.070581074285707,-5.062135371273449,8.666916824933021e-06,-0.008445703012258221
PA6B2O32021,6.2e-06,-5.2076083105017466,-4.794633591566346,1.6045985980995237e-05,-0.4129747189354003
PA6B2O32021,4.7e-06,-5.327902142064283,-4.8844951706757485,1.3046824765370832e-05,-0.44340697138853447
PA6B2O32021,6.5e-06,-5.187086643357144,-5.1805721642777165,6.598235859702485e-06,-0.006514479079427815
PA6B2O32021,9.5e-06,-5.022276394711152,-5.046638335458505,8.981764516062025e-06,0.02436194074735276
PA6PPS2015,2.3e-05,-4.638272163982407,-4.459251769982296,3.4733474553955154e-05,-0.17902039400011116
PA6PPS2015,3.85e-05,-4.414539270491499,-4.3769551305944425,4.1980235389287836e-05,-0.037584139897056446
PA6PPS2015,5.2e-05,-4.2839966563652006,-4.323391428375163,4.74907000670445e-05,0.03939477200996233
PA6PPS2015,9e-06,-5.045757490560675,-4.5397075632880775,2.8859741497494122e-05,-0.5060499272725973
PA6PPS2015,1.48e-05,-4.8297382846050425,-4.416359845227687,3.833894472243312e-05,-0.41337843937735563
PA6PPS2015,2.8e-05,-4.552841968657781,-4.559757365703993,2.7557678825858454e-05,0.006915397046212135
PA6PPS2015,3.5e-05,-4.455931955649724,-4.440621397574518,3.625589266184924e-05,-0.015310558075205982
PA6PPS2015,5.72e-05,-4.242603971206976,-4.301197869833132,4.998067650696689e-05,0.05859389862615583
PA6PPS2015,8.1e-05,-4.0915149811213505,-4.227727502303778,5.919329254810922e-05,0.13621252118242744
PA6PPS2015,8.5e-05,-4.070581074285707,-4.197119409940022,6.351562706414192e-05,0.12653833565431505
PA6PPS2015,0.0001318,-3.880084589742009,-4.3306347630545625,4.6705200085966846e-05,0.4505501733125534
PA6PPS2015,0.00019,-3.721246399047171,-4.394713417341783,4.0298286732677924e-05,0.6734670182946116
PA6PPS2015,2e-05,-4.698970004336019,-3.709401133466793,0.00019525351753631382,-0.9895688708692258
PA6PPS2015,8e-06,-5.096910013008056,-3.825088291297837,0.00014959315049572523,-1.2718217217102192
PA6PPS2015,3.2e-05,-4.494850021680094,-4.274641484688072,5.313228766578588e-05,-0.22020853699202192
PA6PPS2015,7.5e-05,-4.1249387366083,-4.700907883805114,1.9910956162886288e-05,0.5759691471968145
PA6PPS2015,6.2e-05,-4.207608310501746,-4.391780822277966,4.057132372622934e-05,0.18417251177622074
PA6PPS2015,2.6e-05,-4.585026652029182,-4.4019858278919894,3.962909660033024e-05,-0.18304082413719236
PA6PPS2015,9e-05,-4.045757490560675,-4.214618505068946,6.1007256464678406e-05,0.16886101450827162
PA6PPS2015,0.00021,-3.677780705266081,-4.263279665637091,5.454065313056746e-05,0.5854989603710101
PA6SiC2020,0.0072,-2.1426675035687315,-2.051718072204852,0.008877321076337971,-0.09094943136387945
PA6SiC2020,0.0074,-2.1307682802690238,-2.115033677002992,0.007673019872628729,-0.015734603266031932
PA6SiC2020,0.0076,-2.1191864077192086,-2.1222706403016076,0.007546218216742719,0.0030842325823989825
PA6SiC2020,0.0078,-2.1079053973095196,-2.077016826057541,0.008374968339989608,-0.030888571251978636
PA6SiC2020,0.0064,-2.193820026016113,-2.0828729732549616,0.00826279592663161,-0.11094705276115135
PA6SiC2020,0.0066,-2.1804560644581312,-2.172407768994733,0.006723450796992676,-0.008048295463398247
PA6SiC2020,0.0062,-2.207608310501746,-2.163933552067114,0.006855931155597237,-0.0436747584346322
PA6SiC2020,0.007,-2.154901959985743,-2.2243135278963484,0.005966044276299059,0.06941156791060532
PA6SiC2020,0.0065,-2.1870866433571443,-2.1526029839538485,0.007037153366127285,-0.034483659403295785
PA6SiC2020,0.0067,-2.1739251972991736,-2.152866762042804,0.007032880497503985,-0.021058435256369634
PA6SiC2020,0.0064,-2.193820026016113,-2.212486621605257,0.006130746775583535,0.018666595589144297
PA6SiC2020,0.0069,-2.161150909262745,-2.1855553582851717,0.0065229588939283,0.02440444902242689
PA6SiC2020,0.0063,-2.2006594505464183,-2.134389683186472,0.007338551001046509,-0.06626976735994639
PA6SiC2020,0.0065,-2.1870866433571443,-2.1663843142532087,0.006817351486122716,-0.020702329103935657
PA6SiC2020,0.0061,-2.214670164989233,-2.187720056682379,0.0064905267374769935,-0.02695010830685396
PA6SiC2020,0.0067,-2.1739251972991736,-2.2265254894717685,0.005935735093438901,0.05260029217259499
PA6SiC2020,0.006,-2.221848749616356,-2.2098887480546794,0.006167529734297102,-0.011960001561676759
PA6SiC2020,0.0062,-2.207608310501746,-2.2427417972480908,0.005718185010620658,0.035133486746344644
PA6SiC2020,0.0058,-2.2365720064370627,-2.2262871911821165,0.005938992937398182,-0.010284815254946178
PA6SiC2020,0.0064,-2.193820026016113,-2.2622435115813584,0.005467093336589071,0.06842348556524547
PA6TPU2015,0.00092,-3.036212172654445,-3.1212938703183424,0.0007563209486305674,0.0850816976638975
PA6TPU2015,0.00176,-2.75448733218585,-2.9159342715482097,0.0012135725051265036,0.16144693936235965
PA6TPU2015,0.0021,-2.677780705266081,-2.9291220061313767,0.0011772751957290157,0.2513413008652958
PA6TPU2015,0.00175,-2.7569619513137056,-3.0078858684233785,0.0009820059779929707,0.2509239171096729
PA6TPU2015,0.00056,-3.2518119729937998,-3.1089480733922414,0.0007781295828784688,-0.14286389960155832
PA6TPU2015,0.00125,-2.9030899869919438,-2.993923341935231,0.0010140903687722962,0.09083335494328715
PA6TPU2015,0.00165,-2.7825160557860937,-3.238477403090693,0.0005774609179783573,0.45596134730459914
PA6TPU2015,0.00135,-2.869666231504994,-3.1686886803675485,0.0006781274422594865,0.2990224488625546
PA6TPU2015,0.00106,-2.9746941347352296,-3.411651367069665,0.00038756864351380255,0.4369572323344353
PA6TPU2015,0.00138,-2.8601209135987635,-3.3895139411609008,0.00040783646972119517,0.5293930275621372
PA6TPU2015,0.00188,-2.72584215073632,-3.3340615055317038,0.0004633812902335746,0.6082193547953838
PA6TPU2015,0.0016,-2.795880017344075,-3.0115435739170784,0.0009737700794927483,0.2156635565730034
PALABIYIK2002,4.33e-06,-5.363512103646634,-6.390779075287485,4.0665013865075384e-07,1.0272669716408505
PALABIYIK2002,2.8e-06,-5.552841968657781,-5.614716402368662,2.428195207595803e-06,0.06187443371088186
PALABIYIK2002,2.2e-07,-6.657577319177793,-6.411565348621986,3.8764541482045903e-07,-0.24601197055580748
PALABIYIK2002,1.8e-07,-6.7447274948966935,-6.701629212203585,1.9877913105762056e-07,-0.04309828269310856
PALABIYIK2002,1.8e-07,-6.7447274948966935,-6.698049062718175,2.0042455927789233e-07,-0.04667843217851875
PALABIYIK2002,2e-07,-6.698970004336019,-6.9335687132678405,1.1652826673877211e-07,0.23459870893182178
PALABIYIK2002,2.6e-07,-6.585026652029182,-6.505643736621225,3.12144914232843e-07,-0.07938291540795639
PALABIYIK2002,2.5e-07,-6.6020599913279625,-6.392480185358428,4.050604255556303e-07,-0.2095798059695344
PALABIYIK2002,3.5e-07,-6.455931955649724,-6.215526028862463,6.087990571057484e-07,-0.24040592678726114
PALABIYIK2002,1.8e-07,-6.7447274948966935,-6.75380137681576,1.7627820647893563e-07,0.009073881919066551
PALABIYIK2002,1.3e-07,-6.886056647693163,-6.814466715066027,1.5329686907163514e-07,-0.07158993262713587
PALABIYIK2002,1.3e-07,-6.886056647693163,-6.792594503800919,1.6121501803810544e-07,-0.0934621438922445
PALABIYIK2002,1.3e-07,-6.886056647693163,-6.785681518445841,1.638017289752662e-07,-0.10037512924732184
PMC2013,0.031,-1.5086383061657274,-2.3862326304995207,0.004109295471048453,0.8775943243337934
PMC2013,0.05,-1.3010299956639813,-1.4389834221365065,0.03639289277357571,0.1379534264725253
PMC2013,0.038,-1.4202164033831899,-1.4601041879472745,0.034665367769942106,0.039887784564084594
PMC2013,0.045,-1.3467874862246563,-1.2950950378467159,0.050687977425281514,-0.0516924483779404
PMC2013,0.053,-1.275724130399211,-1.503306572336787,0.031382925631471104,0.22758244193757604
PMC2013,0.06,-1.2218487496163564,-1.6961460578301786,0.02013047126955136,0.4742973082138222
PMC2013,0.08,-1.0969100130080565,-1.3866149902968874,0.041056791738485275,0.28970497728883093
PMC2013,0.11,-0.958607314841775,-1.0042181087566382,0.09903344601787924,0.045610793914863224
PMC2013,0.15,-0.8239087409443188,-1.1169755381667938,0.0763878808185506,0.2930667972224751
PMC2013,0.038,-1.4202164033831899,-1.4944213482931943,0.03203160141604699,0.0742049449100044
PMC2013,0.052,-1.2839966563652008,-1.2876386288966999,0.051565753842148704,0.003641972531499116
PMC2013,0.068,-1.1674910872937636,-1.2883531620099178,0.05148098383845226,0.12086207471615418
PMC2013,0.042,-1.3767507096020994,-1.1166272997776638,0.07644915689178859,-0.2601234098244356
PMC2013,0.019,-1.7212463990471711,-1.6326036002924535,0.023302171791892014,-0.08864279875471759
PMC2013,0.024,-1.6197887582883939,-1.7078046318778006,0.019597260613950524,0.08801587358940677
PMC2013,0.055,-1.2596373105057561,-1.0983369078430192,0.07973758757810079,-0.16130040266273693
RAJESH2001,0.115,-0.9393021596463883,-1.0520349879786464,0.08870845431462164,0.11273282833225806
RAJESH2001,0.105,-0.978810700930062,-0.983589041772746,0.10385106586389993,0.004778340842684026
RAJESH2001,0.1,-1.0,-0.9615602977669195,0.10925459267739168,-0.038439702233080464
RAJESH2001,0.1,-1.0,-1.1231589814396488,0.07530798346194031,0.12315898143964876
RAJESH2001,0.195,-0.7099653886374819,-0.7111495570283717,0.19446902776181943,0.0011841683908897505
RAJESH2001,0.18,-0.744727494896694,-0.6951367235113857,0.20177310465998746,-0.04959077138530832
RAJESH2001,0.175,-0.7569619513137056,-0.7857525466813033,0.16377494162957187,0.02879059536759776
RAJESH2001,0.17,-0.769551078621726,-0.8459428629152965,0.14257951631516416,0.07639178429357052
RAJESH2001,0.245,-0.6108339156354675,-0.6558031189866615,0.22090059263979273,0.04496920335119403
RAJESH2001,0.22,-0.6575773191777937,-0.7670563400014241,0.17097934932149375,0.10947902082363037
RAJESH2001,0.21,-0.6777807052660807,-0.6807739206651684,0.20855762825543486,0.002993215399087701
RAJESH2001,0.205,-0.6882461389442457,-0.7902812990377095,0.16207599668082615,0.1020351600934638
RAJESH2001,0.275,-0.5606673061697374,-0.5642333844789307,0.2727511657900486,0.00356607830919331
RAJESH2001,0.245,-0.6108339156354675,-0.576931589305214,0.2648917367038656,-0.033902326330253474
RAJESH2001,0.24,-0.619788758288394,-0.5506897933699317,0.2813910024419584,-0.06909896491846224
RAJESH2001,0.235,-0.6289321377282637,-0.6925599267092126,0.20297384243442895,0.0636277889809489
RAJESH2001,0.285,-0.5451551399914898,-0.5918641772717135,0.2559386192866772,0.046709037280223686
RAJESH2001,0.265,-0.5767541260631921,-0.5749210998594387,0.2661208489040261,-0.001833026203753363
RAJESH2001,0.255,-0.5934598195660448,-0.6003719377417149,0.2509736126914663,0.006912118175670168
RAJESH2001,0.25,-0.6020599913279624,-0.7818322271325582,0.16526000930270635,0.17977223580459578
RANDHAWA2020,9.0273e-05,-4.044442124596904,-4.274485689615049,5.3151351305559214e-05,0.2300435650181445
RANDHAWA2020,8.6169e-05,-4.06464894705677,-4.176988688974206,6.652904832002086e-05,0.11233974191743634
RANDHAWA2020,8.7452e-05,-4.058230253892205,-4.344956382907841,4.5190132747996405e-05,0.2867261290156362
RANDHAWA2020,0.00010207,-3.9911018852290603,-4.467035850339335,3.4116474783601265e-05,0.47593396511027475
RANDHAWA2020,4.7316e-05,-4.324991976879152,-4.193398786492172,6.406210626509962e-05,-0.13159319038697959
RANDHAWA2020,4.4623e-05,-4.350441235494396,-4.260007842501706,5.495309503230015e-05,-0.09043339299269082
RANDHAWA2020,4.7829e-05,-4.320308699182854,-4.3132646522708065,4.8611088703626244e-05,-0.007044046912047186
RANDHAWA2020,4.7188e-05,-4.326168429255282,-4.244865393810935,5.690292697012028e-05,-0.08130303544434714
RANDHAWA2020,3.2057e-05,-4.494077122793099,-4.521403694816403,3.010206610832867e-05,0.027326572023303797
RANDHAWA2020,3.0433e-05,-4.516655233996539,-4.417337533308658,3.8252732783651384e-05,-0.09931770068788026
RANDHAWA2020,3.2741e-05,-4.4849080601760765,-4.531118166180636,2.9436206019101292e-05,0.046210106004559215
RANDHAWA2020,3.4023e-05,-4.468227394838596,-4.470928740055978,3.381203111402118e-05,0.0027013452173818564
RANDHAWA2020,4.8421e-05,-4.314966245666749,-4.282698504606573,5.2155665989250366e-05,-0.032267741060175936
RANDHAWA2020,4.509e-05,-4.34591976469343,-4.323123195054564,4.752004081021513e-05,-0.02279656963886545
RANDHAWA2020,4.714e-05,-4.326610421811695,-4.41656072412045,3.832121549897821e-05,0.08995030230875489
RANDHAWA2020,5.1495e-05,-4.288234937518569,-4.448215014119081,3.562747023167388e-05,0.1599800766005126
RANDHAWA2020,3.5196e-05,-4.453506690971823,-4.3652393790973045,4.312812930461704e-05,-0.0882673118745183
RANDHAWA2020,3.2121e-05,-4.493210942605015,-4.432253303184076,3.696125395969932e-05,-0.06095763942093857
RANDHAWA2020,3.5196e-05,-4.453506690971823,-4.455891691714071,3.5003245040254076e-05,0.0023850007422483444
RANDHAWA2020,3.5709e-05,-4.4472223116824035,-4.557115772774025,2.772580900762756e-05,0.10989346109162135
RANDHAWA2020,9.6428e-05,-4.015796840787787,-4.044300120377728,9.030252200274752e-05,0.028503279589941144
RANDHAWA2020,8.7452e-05,-4.058230253892205,-4.0957812957346,8.02081878249618e-05,0.037551041842394994
RANDHAWA2020,8.6682e-05,-4.062071076829108,-4.109864962055539,7.764885176081955e-05,0.04779388522643124
RANDHAWA2020,0.00010207,-3.9911018852290603,-4.2355664393168935,5.813444901575151e-05,0.24446455408783319
RANDHAWA2020,0.00010233,-3.9899970258729405,-3.764233553485935,0.0001720942842997445,-0.22576347238700567
RANDHAWA2020,9.1299e-05,-4.039533979276876,-3.9223537939280377,0.00011957660148474685,-0.11718018534883834
RANDHAWA2020,9.0016e-05,-4.045680289514893,-3.959674851022429,0.00010972994183147333,-0.08600543849246378
RANDHAWA2020,0.00010207,-3.9911018852290603,-3.8071793627737094,0.00015589085436720928,-0.1839225224553509
RSMPA662022,0.016,-1.7958800173440752,-1.9594074199682434,0.010979753244620598,0.1635274026241682
RSMPA662022,0.0164,-1.785156151952302,-1.8596664124812197,0.013814449639126022,0.07451026052891763
RSMPA662022,0.0143,-1.8446639625349381,-2.1191799389120733,0.007600113202682556,0.2745159763771352
RSMPA662022,0.014,-1.853871964321762,-1.8514934807380525,0.014076883592323479,-0.002378483583709512
RSMPA662022,0.015,-1.8239087409443189,-1.810471496633547,0.01547136041361547,-0.013437244310771979
RSMPA662022,0.0148,-1.8297382846050425,-2.048112101281011,0.008951336813696227,0.21837381667596834
RSMPA662022,0.012,-1.9208187539523751,-1.9160436380410055,0.0121326693491114,-0.004775115911369587
RSMPA662022,0.012,-1.9208187539523751,-1.8599226578594603,0.013806301147926721,-0.0608960960929148
RSMPA662022,0.0121,-1.91721462968355,-2.035586996941267,0.00921325312333579,0.11837236725771727
RSMPA662022,0.0161,-1.7931741239681502,-1.9254392198025494,0.01187300854043061,0.13226509583439916
RSMPA662022,0.0142,-1.8477116556169435,-1.8515240193403946,0.014075893772617906,0.003812363723451062
RSMPA662022,0.0141,-1.85078088734462,-1.9158938633262665,0.012136854252546429,0.06511297598164645
RSMPA662022,0.0112,-1.9507819773298183,-1.8203555700409382,0.015123225571640834,-0.1304264072888801
RSMPA662022,0.0128,-1.8927900303521317,-1.8439836967063843,0.014322416642166358,-0.04880633364574738
RSMPA662022,0.014,-1.853871964321762,-1.9141861875705422,0.012184671145787045,0.06031422324878011
RSMPA662022,0.0101,-1.9956786262173574,-1.7875307491091417,0.016310574222936875,-0.2081478771082157
RSMPA662022,0.0109,-1.9625735020593764,-1.8296642154626972,0.014802524362704173,-0.13290928659667922
RSMPA662022,0.0102,-1.9913998282380825,-1.8717572422200397,0.013435157368773612,-0.11964258601804278
SATHEESKUMAR2016,0.0092,-2.036212172654445,-2.067992119152623,0.008550822293411047,0.03177994649817828
SATHEESKUMAR2016,0.0092,-2.036212172654445,-2.040446939046227,0.009110727579316635,0.00423476639178233
SATHEESKUMAR2016,0.0092,-2.036212172654445,-2.0168951497912397,0.00961844465123909,-0.019317022863205136
SATHEESKUMAR2016,0.0084,-2.0757207139381184,-2.1289833200611628,0.007430476755647889,0.05326260612304434
SATHEESKUMAR2016,0.0076,-2.1191864077192086,-2.1886549748058797,0.006476569423910029,0.06946856708667104
SATHEESKUMAR2016,0.0068,-2.167491087293764,-2.229776744422972,0.005891464370659077,0.06228565712920808
SATHEESKUMAR2016,0.0088,-2.0555173278498313,-2.1014221167669755,0.00791731425284551,0.045904788917144224
SATHEESKUMAR2016,0.0088,-2.0555173278498313,-2.0520114099613447,0.008871327046203976,-0.0035059178884866427
SATHEESKUMAR2016,0.0088,-2.0555173278498313,-2.0628094657608655,0.008653474818795043,0.007292137911034224
SATHEESKUMAR2016,0.008,-2.0969100130080562,-2.1556210593518665,0.006988419078052954,0.0587110463438103
SATHEESKUMAR2016,0.0071,-2.1487416512809245,-2.1914193422422725,0.006435475744189086,0.04267769096134799
SATHEESKUMAR2016,0.0063,-2.2006594505464183,-2.211773667853304,0.006140819499988525,0.011114217306885887
SATHEESKUMAR2016,0.0084,-2.0757207139381184,-2.1766626669005364,0.00665790099992106,0.10094195296241804
SATHEESKUMAR2016,0.0084,-2.0757207139381184,-2.110339054153666,0.0077564133619495755,0.03461834021554777
SATHEESKUMAR2016,0.0084,-2.0757207139381184,-2.1027366740649462,0.007893385725038478,0.02701596012682783
SATHEESKUMAR2016,0.0076,-2.1191864077192086,-2.1433465830169984,0.007188750602141549,0.0241601752977898
SATHEESKUMAR2016,0.0068,-2.167491087293764,-2.260912145493675,0.00548387888445078,0.09342105819991131
SATHEESKUMAR2016,0.006,-2.221848749616356,-2.287163863715519,0.00516221556889678,0.06531511409916302
SATHEESKUMAR2016,0.0079,-2.1023729087095586,-2.154383319758076,0.0070083644862941,0.05201041104851756
SATHEESKUMAR2016,0.0079,-2.1023729087095586,-2.0883504752399786,0.00815923655977109,-0.014022433469579987
SATHEESKUMAR2016,0.0079,-2.1023729087095586,-2.0621055487051714,0.00866751199388904,-0.04026736000438724
SATHEESKUMAR2016,0.0072,-2.1426675035687315,-2.1162661843601227,0.007651275072299686,-0.026401319208608776
SATHEESKUMAR2016,0.0065,-2.1870866433571443,-2.232886370490648,0.005849431095841954,0.045799727133503776
SATHEESKUMAR2016,0.0058,-2.2365720064370627,-2.2469624654268814,0.005662882292604865,0.010390458989818718
SATHEESKUMAR2016,0.0071,-2.1487416512809245,-2.195695038229953,0.006372428360277983,0.04695338694902862
SATHEESKUMAR2016,0.0071,-2.1487416512809245,-2.165330688932062,0.0068339108821563205,0.016589037651137506
SATHEESKUMAR2016,0.0071,-2.1487416512809245,-2.1180420640134763,0.007620052016978346,-0.03069958726744826
SATHEESKUMAR2016,0.0067,-2.1739251972991736,-2.1818562676149176,0.006578755292149603,0.007931070315744027
SATHEESKUMAR2016,0.0063,-2.2006594505464183,-2.28763132085428,0.005156662156647604,0.08697187030786147
SATHEESKUMAR2016,0.0059,-2.2291479883578558,-2.3988532319233684,0.003991597740143448,0.16970524356551264
SATHEESKUMAR2016,0.0075,-2.1249387366083,-2.131193754730803,0.007392753835547922,0.006255018122502953
SATHEESKUMAR2016,0.0075,-2.1249387366083,-2.0737872601912293,0.008437479677683036,-0.05115147641707063
SATHEESKUMAR2016,0.0075,-2.1249387366083,-2.07086544475528,0.008494436130538983,-0.05407329185301979
SATHEESKUMAR2016,0.0066,-2.1804560644581312,-2.131133793256508,0.007393774596897704,-0.049322271201623025
SATHEESKUMAR2016,0.0058,-2.2365720064370627,-2.2629330476933815,0.005458420034551927,0.026361041256318885
SATHEESKUMAR2016,0.0049,-2.309803919971486,-2.2743860806833895,0.005316354339350335,-0.03541783928809661
SATHEESKUMAR2016,0.0072,-2.1426675035687315,-2.168285435595753,0.006787573796566404,0.02561793202702134
SATHEESKUMAR2016,0.0072,-2.1426675035687315,-2.160674461962451,0.006907573870851111,0.018006958393719685
SATHEESKUMAR2016,0.0072,-2.1426675035687315,-2.1603670637557832,0.006912464855102694,0.017699560187051766
SATHEESKUMAR2016,0.0063,-2.2006594505464183,-2.1995961479209187,0.006315443469836168,-0.0010633026254995848
SATHEESKUMAR2016,0.0054,-2.2676062401770314,-2.3117390170482905,0.004878215513046025,0.04413277687125916
SATHEESKUMAR2016,0.0045,-2.3467874862246565,-2.335542505879535,0.004618037913740099,-0.011244980345121558
SATHEESKUMAR2016,0.0058,-2.2365720064370627,-2.2178394324821586,0.006055647229859961,-0.01873257395490402
SATHEESKUMAR2016,0.0058,-2.2365720064370627,-2.2149870581671367,0.006095550615100729,-0.021584948269925963
SATHEESKUMAR2016,0.0058,-2.2365720064370627,-2.2076144647045943,0.00619991214305292,-0.02895754173246834
SATHEESKUMAR2016,0.0051,-2.2924298239020637,-2.2900703397197355,0.005127783260518762,-0.002359484182328231
SATHEESKUMAR2016,0.0044,-2.3565473235138126,-2.3726940268170185,0.004239415400923501,0.01614670330320589
SATHEESKUMAR2016,0.0037,-2.431798275933005,-2.4023460637881717,0.003959623893197535,-0.02945221214483329
SATHEESKUMAR2016,0.0063,-2.2006594505464183,-2.22352352805922,0.005976906637056468,0.022864077512801728
SATHEESKUMAR2016,0.0063,-2.2006594505464183,-2.1844760111221544,0.006539190491626218,-0.016183439424263923
SATHEESKUMAR2016,0.0063,-2.2006594505464183,-2.1957271656246493,0.0063719569705705855,-0.0049322849217690035
SATHEESKUMAR2016,0.0056,-2.2518119729937998,-2.2524671440240103,0.005591558281668325,0.0006551710302105107
SATHEESKUMAR2016,0.0048,-2.318758762624413,-2.342529017003425,0.0045443417357596836,0.023770254379012368
SATHEESKUMAR2016,0.0041,-2.3872161432802645,-2.3748642899314616,0.004218282974213404,-0.012351853348802955
SATHEESKUMAR2016b,0.0092,-2.036212172654445,-2.0944685833166496,0.00804509944364091,0.05825641066220477
SATHEESKUMAR2016b,0.0092,-2.036212172654445,-2.0168951497912397,0.00961844465123909,-0.019317022863205136
SATHEESKUMAR2016b,0.0092,-2.036212172654445,-2.0168951497912397,0.00961844465123909,-0.019317022863205136
SATHEESKUMAR2016b,0.0083,-2.0809219076239263,-2.0984278341420604,0.007972089502244466,0.017505926518134096
SATHEESKUMAR2016b,0.0074,-2.1307682802690238,-2.1886549748058797,0.006476569423910029,0.05788669453685591
SATHEESKUMAR2016b,0.0068,-2.167491087293764,-2.2011883385959363,0.006292332468391248,0.03369725130217249
SATHEESKUMAR2016b,0.0075,-2.1249387366083,-2.163391604505553,0.006864491877816225,0.03845286789725311
SATHEESKUMAR2016b,0.0075,-2.1249387366083,-2.0737872601912293,0.008437479677683036,-0.05115147641707063
SATHEESKUMAR2016b,0.0075,-2.1249387366083,-2.07086544475528,0.008494436130538983,-0.05407329185301979
SATHEESKUMAR2016b,0.0065,-2.1870866433571443,-2.131133793256508,0.007393774596897704,-0.05595285010063611
SATHEESKUMAR2016b,0.0056,-2.2518119729937998,-2.2629330476933815,0.005458420034551927,0.01112107469958179
SATHEESKUMAR2016b,0.0049,-2.309803919971486,-2.2743860806833895,0.005316354339350335,-0.03541783928809661
SATHEESKUMAR2016b,0.0072,-2.1426675035687315,-2.162486455733957,0.006878813648100923,0.019818952165225667
SATHEESKUMAR2016b,0.0072,-2.1426675035687315,-2.1488422985132143,0.007098354774048228,0.006174794944482809
SATHEESKUMAR2016b,0.0072,-2.1426675035687315,-2.1603670637557832,0.006912464855102694,0.017699560187051766
SATHEESKUMAR2016b,0.0061,-2.214670164989233,-2.221300729897228,0.006007575951112878,0.0066305649079949625
SATHEESKUMAR2016b,0.0052,-2.283996656365201,-2.270458830507776,0.005364647238789007,-0.013537825857425023
SATHEESKUMAR2016b,0.0045,-2.3467874862246565,-2.32857299834151,0.0046927454972526044,-0.01821448788314628
SATHEESKUMAR2016b,0.0058,-2.2365720064370627,-2.213336202690906,0.006118765331069422,-0.023235803746156858
SATHEESKUMAR2016b,0.0058,-2.2365720064370627,-2.220259765770081,0.006021992831933085,-0.01631224066698156
SATHEESKUMAR2016b,0.0058,-2.2365720064370627,-2.2076144647045943,0.00619991214305292,-0.02895754173246834
SATHEESKUMAR2016b,0.0048,-2.318758762624413,-2.2693557977925423,0.005378289830589057,-0.049402964831870566
SATHEESKUMAR2016b,0.0042,-2.3767507096020997,-2.3488140793099332,0.004479050104718501,-0.02793663029216642
SATHEESKUMAR2016b,0.0037,-2.431798275933005,-2.394204773447515,0.004034551156817169,-0.03759350248548987
SATHEESKUMAR2016b,0.0063,-2.2006594505464183,-2.223117093121652,0.0059825027494354345,0.02245764257523364
SATHEESKUMAR2016b,0.0063,-2.2006594505464183,-2.1989248530578305,0.006325212884761971,-0.0017345974885878412
SATHEESKUMAR2016b,0.0063,-2.2006594505464183,-2.1697937195037684,0.006764041764746735,-0.03086573104264989
SATHEESKUMAR2016b,0.0053,-2.275724130399211,-2.2524671440240103,0.005591558281668325,-0.023256986375200572
SATHEESKUMAR2016b,0.0046,-2.337242168318426,-2.2686634639483487,0.005386870509798654,-0.0685787043700774
SATHEESKUMAR2016b,0.0041,-2.3872161432802645,-2.3748642899314616,0.004218282974213404,-0.012351853348802955
SATHEESKUMAR2016b,0.0066,-2.1804560644581312,-2.1889305861307067,0.006472460576868822,0.008474521672575452
SATHEESKUMAR2016b,0.0066,-2.1804560644581312,-2.1937237383055685,0.006401419105449982,0.013267673847437322
SATHEESKUMAR2016b,0.0066,-2.1804560644581312,-2.1990928349965886,0.006322766811633234,0.01863677053845736
SATHEESKUMAR2016b,0.0057,-2.2441251443275085,-2.2805908468420113,0.00524093958212659,0.03646570251450276
SATHEESKUMAR2016b,0.0051,-2.2924298239020637,-2.290399309451133,0.0051239005338856915,-0.0020305144509307205
SATHEESKUMAR2016b,0.0047,-2.3279021420642825,-2.367161862585162,0.004293763673472947,0.03925972052087934
SICPA62020,0.0092,-2.036212172654445,-2.051718072204852,0.008877321076337971,0.015505899550407154
SICPA62020,0.0083,-2.0809219076239263,-2.0982018332014007,0.00797623914879299,0.017279925577474486
SICPA62020,0.0074,-2.1307682802690238,-2.1222706403016076,0.007546218216742719,-0.008497639967416148
SICPA62020,0.0068,-2.167491087293764,-2.077016826057541,0.008374968339989608,-0.09047426123622282
SICPA62020,0.0086,-2.065501548756432,-2.149334086293538,0.007090321265633526,0.08383253753710607
SICPA62020,0.0078,-2.1079053973095196,-2.172407768994733,0.006723450796992676,0.06450237168521333
SICPA62020,0.0069,-2.161150909262745,-2.209736691967466,0.006169689500703278,0.04858578270472114
SICPA62020,0.0062,-2.207608310501746,-2.1579102045072402,0.006951680368993788,-0.04969810599450586
SICPA62020,0.0082,-2.0861861476162833,-2.1599643226233685,0.0069188780730304,0.07377817500708517
SICPA62020,0.0074,-2.1307682802690238,-2.1785004913152317,0.00662978597645786,0.04773221104620795
SICPA62020,0.0065,-2.1870866433571443,-2.212486621605257,0.006130746775583535,0.02539997824811291
SICPA62020,0.0057,-2.2441251443275085,-2.222418275020468,0.005992136872670065,-0.021706869307040577
SICPA62020,0.0077,-2.113509274827518,-2.1978332614063545,0.006341131194513339,0.08432398657883633
SICPA62020,0.0068,-2.167491087293764,-2.1845447081112064,0.006538156199943891,0.01705362081744255
SICPA62020,0.006,-2.221848749616356,-2.1932368029794773,0.006408600465867466,-0.028611946636878827
SICPA62020,0.0052,-2.283996656365201,-2.20023170701696,0.006306208026699874,-0.08376494934824086
SICPA62020,0.0071,-2.1487416512809245,-2.233415971562604,0.005842302345588035,0.08467432028167954
SICPA62020,0.0063,-2.2006594505464183,-2.224489536330565,0.005963626881190552,0.023830085784146693
SICPA62020,0.0056,-2.2518119729937998,-2.2356548634807742,0.005812261380488884,-0.016157109513025514
SICPA62020,0.0048,-2.318758762624413,-2.262689982928662,0.00546147584341395,-0.05606877969575086
SILICAPA62020,4.2e-06,-5.376750709602099,-4.944261166337369,1.1369433705375366e-05,-0.43248954326473044
SILICAPA62020,4.2e-06,-5.376750709602099,-5.196084975378521,6.3667093574928244e-06,-0.18066573422357823
SILICAPA62020,4.2e-06,-5.376750709602099,-5.019825879604963,9.553755451229969e-06,-0.35692482999713615
SILICAPA62020,4.2e-06,-5.376750709602099,-4.952086050495189,1.1166419759962157e-05,-0.4246646591069103
SILICAPA62020,4.2e-06,-5.376750709602099,-5.065817454479464,8.59374663626918e-06,-0.31093325512263537
SILICAPA62020,4.2e-06,-5.376750709602099,-5.060701260087346,8.6955837026355e-06,-0.316049449514753
SILICAPA62020,4.2e-06,-5.376750709602099,-5.103642090277649,7.876946753178657e-06,-0.2731086193244501
SILICAPA62020,4.2e-06,-5.376750709602099,-5.10748698568615,7.807518362380558e-06,-0.269263723915949
SILICAPA62020,4.2e-06,-5.376750709602099,-5.032176143626037,9.285896877062941e-06,-0.3445745659760622
SILICAPA62020,2.8e-06,-5.552841968657781,-5.440121920110414,3.629761416548052e-06,-0.1127200485473665
SILICAPA62020,2.8e-06,-5.552841968657781,-5.612430002641913,2.4410124662130946e-06,0.05958803398413259
SILICAPA62020,2.8e-06,-5.552841968657781,-5.4108852232472415,3.882529611834478e-06,-0.14195674541053904
SILICAPA62020,2.8e-06,-5.552841968657781,-5.511701012613946,3.0782152639558945e-06,-0.04114095604383472
SILICAPA62020,2.8e-06,-5.552841968657781,-5.634221308619389,2.3215534731879427e-06,0.08137933996160829
SILICAPA62020,2.8e-06,-5.552841968657781,-5.361379349394831,4.351316270120947e-06,-0.19146261926294983
SILICAPA62020,2.8e-06,-5.552841968657781,-5.584050160437384,2.605852560098341e-06,0.03120819177960321
SILICAPA62020,2.8e-06,-5.552841968657781,-5.676059961881348,2.1083370373629653e-06,0.12321799322356775
SILICAPA62020,2.8e-06,-5.552841968657781,-5.5145137576113825,3.058343362558182e-06,-0.03832821104639805
SILICAPA62020,1.5e-06,-5.823908740944319,-5.446795354360221,3.5744122978603954e-06,-0.37711338658409765
SILICAPA62020,1.5e-06,-5.823908740944319,-5.58269298378008,2.61400862503213e-06,-0.24121575716423838
SILICAPA62020,1.5e-06,-5.823908740944319,-5.239649869062378,5.759040476862003e-06,-0.584258871881941
SILICAPA62020,1.5e-06,-5.823908740944319,-5.6119352940702365,2.4437946287551716e-06,-0.21197344687408215
SILICAPA62020,1.5e-06,-5.823908740944319,-5.592611501014076,2.554985848319702e-06,-0.23129723993024243
SILICAPA62020,1.5e-06,-5.823908740944319,-5.549615496867487,2.8208792948376923e-06,-0.27429324407683175
SILICAPA62020,1.5e-06,-5.823908740944319,-5.72823189132655,1.8696835571706179e-06,-0.09567684961776823
SILICAPA62020,1.5e-06,-5.823908740944319,-5.706751197668092,1.9644853856898357e-06,-0.1171575432762264
SILICAPA62020,1.5e-06,-5.823908740944319,-5.5892829512111,2.574643180874727e-06,-0.23462578973321868
SILICAPA62020,6e-07,-6.221848749616356,-5.7111064415528965,1.9448833503179573e-06,-0.5107423080634597
SILICAPA62020,6e-07,-6.221848749616356,-5.693755688214256,2.0241575456019347e-06,-0.5280930614021004
SILICAPA62020,6e-07,-6.221848749616356,-5.373580664006894,4.2307692191346965e-06,-0.8482680856094618
SILICAPA62020,6e-07,-6.221848749616356,-5.8836494120683644,1.307225731451093e-06,-0.3381993375479917
SILICAPA62020,6e-07,-6.221848749616356,-5.870188013470501,1.3483790199990522e-06,-0.35166073614585525
SILICAPA62020,6e-07,-6.221848749616356,-5.721098305908252,1.9006480048802925e-06,-0.5007504437081041
SILICAPA62020,6e-07,-6.221848749616356,-5.871695597623751,1.3437064516268827e-06,-0.3501531519926049
SILICAPA62020,6e-07,-6.221848749616356,-5.848817657782253,1.4163883377771134e-06,-0.3730310918341031
SILICAPA62020,6e-07,-6.221848749616356,-5.54306961957268,2.863718864684498e-06,-0.6787791300436758
SOUNDARARAJAN2019,1.75,0.24303804868629444,0.15280018494683123,1.4216745367362456,0.09023786373946321
SOUNDARARAJAN2019,1.65,0.21748394421390627,0.21554461197491293,1.6426483885625853,0.001939332238993341
SOUNDARARAJAN2019,3.2,0.505149978319906,0.5615208787886266,3.6435176592689946,-0.05637090046872051
SOUNDARARAJAN2019,3.1,0.4913616938342727,0.3259700835920194,2.1182152168085717,0.1653916102422533
SOUNDARARAJAN2019,4.5,0.6532125137753437,0.4305706182006155,2.695073527580382,0.22264189557472824
SOUNDARARAJAN2019,4.2,0.6232492903979004,0.5307651204075636,3.3944164263073517,0.09248416999033682
SOUNDARARAJAN2019,5.2,0.7160033436347992,0.4032116435190627,2.5305308925746437,0.31279170011573654
SOUNDARARAJAN2019,4.82,0.6830470382388496,0.29796853154843106,1.9859510125414823,0.38507850669041854
SOUNDARARAJAN2019,1.35,0.13033376849500614,0.10778877589280089,1.2817070580967829,0.022544992602205244
SOUNDARARAJAN2019,1.25,0.09691001300805642,-0.1257798977330875,0.7485487720554603,0.22268991074114391
SOUNDARARAJAN2019,2.4,0.38021124171160603,0.4025537554953411,2.526700437172341,-0.022342513783735085
SOUNDARARAJAN2019,2.1,0.3222192947339193,0.2484532162325559,1.7719571532401623,0.07376607850136341
SOUNDARARAJAN2019,2.85,0.4548448600085102,0.5586567062927301,3.61956771879909,-0.10381184628421991
SOUNDARARAJAN2019,2.55,0.4065401804339551,0.3245359132853256,2.111231773514127,0.08200426714862952
SOUNDARARAJAN2019,3.64,0.561101383649056,0.47233098013050423,2.96709177814423,0.08877040351855181
SOUNDARARAJAN2019,2.8,0.4471580313422192,0.3060510612002636,2.023257044606726,0.1411069701419556
SOUNDARARAJAN2019,1.1,0.04139268515822508,0.17205181176315687,1.486112926460268,-0.13065912660493179
SOUNDARARAJAN2019,1.0,0.0,-0.0834955775139612,0.825095887511567,0.0834955775139612
SOUNDARARAJAN2019,1.9,0.2787536009528289,0.39739883125261954,2.496886672525988,-0.11864523029979063
SOUNDARARAJAN2019,1.6,0.2041199826559248,0.11435767616490011,1.3012408125043662,0.08976230649102468
SOUNDARARAJAN2019,2.325,0.36642295722597273,0.45482372138944704,2.8498612839888695,-0.08840076416347431
SOUNDARARAJAN2019,1.8,0.25527250510330607,0.4135493388354998,2.591488815557276,-0.15827683373219376
SOUNDARARAJAN2019,2.84,0.45331834004703764,0.4269589134170477,2.672753539908862,0.026359426629989913
SOUNDARARAJAN2019,2.0,0.3010299956639812,0.16908610374146793,1.4759991376166515,0.13194389192251327
SOUNDARARAJAN2019,0.95,-0.022276394711152253,0.06411781508954562,1.1590917510716254,-0.08639420980069787
SOUNDARARAJAN2019,0.8,-0.09691001300805639,-0.4042480485939586,0.39423207093272605,0.30733803558590217
SOUNDARARAJAN2019,1.6,0.2041199826559248,0.24725860186735638,1.767089726008773,-0.043138619211431584
SOUNDARARAJAN2019,1.2,0.07918124604762482,-0.12998705131824373,0.7413323441226152,0.20916829736586856
SOUNDARARAJAN2019,1.8,0.25527250510330607,0.27476991047224875,1.8826513951651849,-0.019497405368942677
SOUNDARARAJAN2019,1.35,0.13033376849500614,-0.012479711406339078,0.9716733434160203,0.1428134799013452
SOUNDARARAJAN2019,2.0,0.3010299956639812,0.16133104528571884,1.4498766152952416,0.13969895037826235
SOUNDARARAJAN2019,1.6,0.2041199826559248,-0.0319171149408497,0.929143696842738,0.2360370975967745
SPRINGER2015,1.846e-05,-4.733768303310106,-4.853989094341014,1.3996224683419972e-05,0.1202207910309081
SPRINGER2015,1.991e-05,-4.70092873997259,-4.793093090398292,1.61030043259837e-05,0.09216435042570215
SPRINGER2015,2.235e-05,-4.650722472532045,-4.676752357767203,2.104978392741348e-05,0.026029885235158368
SPRINGER2015,1.622e-05,-4.789949150124863,-4.727858129125671,1.871293335476347e-05,-0.06209102099919139
SPRINGER2015,1.71e-05,-4.767003889607846,-4.754013526927033,1.76192116717362e-05,-0.012990362680812773
SPRINGER2015,1.828e-05,-4.738023808602187,-4.727111245651779,1.8745142848955576e-05,-0.010912562950408322
SPRINGER2015,1.526e-05,-4.816445466381138,-4.778046984015879,1.667066851676915e-05,-0.03839848236525878
SPRINGER2015,1.676e-05,-4.775725985705742,-4.699600904239863,1.9970967078903127e-05,-0.0761250814658796
SPRINGER2015,2.023e-05,-4.694004117229195,-4.6868466101788595,2.0566168506355407e-05,-0.007157507050335354
SPRINGER2015,1.162e-05,-4.934793871945688,-4.888111283450765,1.2938642596900647e-05,-0.04668258849492268
SPRINGER2015,1.302e-05,-4.885389015767827,-4.906450232614926,1.2403657550006843e-05,0.02106121684709894
SPRINGER2015,1.442e-05,-4.84103473961659,-4.752953228308183,1.766228025784677e-05,-0.08808151130840702
SPRINGER2015,1.201e-05,-4.920456992597094,-4.883047613196473,1.309038400753842e-05,-0.03740937940062139
SPRINGER2015,1.411e-05,-4.850472986245652,-4.885717630627953,1.3010151965204e-05,0.035244644382300905
SPRINGER2015,1.602e-05,-4.795337488251781,-4.767483823150522,1.7081113435839072e-05,-0.027853665101258862
SPRINGER2015,1.041e-05,-4.982549270489463,-4.94472310061548,1.1357347116044582e-05,-0.03782616987398324
SPRINGER2015,1.302e-05,-4.885389015767827,-4.901964389338871,1.2532439324416689e-05,0.016575373571043883
SPRINGER2015,1.653e-05,-4.781727146428553,-4.740038095265196,1.8195412458371193e-05,-0.04168905116335697
SPRINGER2015,1.05e-05,-4.978810700930062,-5.013893988423666,9.685142423897235e-06,0.03508328749360423
SPRINGER2015,1.226e-05,-4.911509529817604,-4.839309611389011,1.447739382644821e-05,-0.07219991842859308
SPRINGER2015,8.566e-05,-4.06722192993945,-4.405318509170279,3.932615538207852e-05,0.3380965792308288
SPRINGER2015,9.8e-06,-5.008773924307505,-4.854787725418773,1.3970510452109982e-05,-0.15398619888873188
SPRINGER2015,1.15e-05,-4.939302159646388,-4.854927403840649,1.39660179587327e-05,-0.08437475580573928
SPRINGER2015,7.82e-05,-4.106793246940152,-4.44409284194927,3.5967243742592715e-05,0.3372995950091182
SPRINGER2015,9.2e-06,-5.036212172654444,-4.90799436411185,1.2359634725768992e-05,-0.12821780854259401
SPRINGER2015,1.08e-05,-4.966576244513051,-4.849853149768509,1.4130152539834549e-05,-0.11672309474454146
SPRINGER2015,7.21e-05,-4.142064735280571,-4.4522928678418365,3.529450799044167e-05,0.31022813256126547
UNAL2012,1.85e-05,-4.732828271596986,-4.822164080360665,1.5060379640016741e-05,0.08933580876367841
UNAL2012,1.99e-05,-4.701146923590294,-4.803088876766347,1.573660787626549e-05,0.1019419531760537
UNAL2012,2.24e-05,-4.649751981665837,-4.747313143642127,1.789315221155813e-05,0.09756116197628995
UNAL2012,1.62e-05,-4.790484985457369,-4.727858129125671,1.871293335476347e-05,-0.06262685633169784
UNAL2012,1.71e-05,-4.767003889607846,-4.751798180805828,1.7709317294958065e-05,-0.015205708802017881
UNAL2012,1.83e-05,-4.73754891026957,-4.7012176323510095,1.9896760286267266e-05,-0.03633127791856072
UNAL2012,1.53e-05,-4.815308569182402,-4.763695560778966,1.7230760232161107e-05,-0.051613008403435856
UNAL2012,1.68e-05,-4.774690718274138,-4.729830537667396,1.8628138675231283e-05,-0.044860180606741906
UNAL2012,2.02e-05,-4.694648630553377,-4.7044121845082385,1.9750942083029313e-05,0.009763553954861948
UNAL2012,1.45e-05,-4.838631997765025,-4.920761873806819,1.200157175942845e-05,0.08212987604179389
UNAL2012,1.6e-05,-4.795880017344075,-4.9094274027325575,1.2318918932820235e-05,0.11354738538848252
UNAL2012,1.78e-05,-4.749579997691106,-4.798641084277129,1.5898601202632287e-05,0.04906108658602282
UNAL2012,1.35e-05,-4.869666231504994,-4.93514091566315,1.1610718193865856e-05,0.06547468415815594
UNAL2012,1.5e-05,-4.823908740944319,-4.901670822470553,1.254091364971586e-05,0.07776208152623454
UNAL2012,1.65e-05,-4.782516055786093,-4.784416658229339,1.6427948842609152e-05,0.0019006024432455249
UNAL2012,1.2e-05,-4.920818753952375,-4.848364859174162,1.4178658447292367e-05,-0.07245389477821274
UNAL2012,1.38e-05,-4.860120913598763,-4.836089648923038,1.45851315667969e-05,-0.024031264675724806
UNAL2012,1.55e-05,-4.809668301829708,-4.727349943204377,1.873484294758838e-05,-0.0823183586253311
UNAL2012,1.16e-05,-4.935542010773082,-4.888111283450765,1.2938642596900647e-05,-0.04743072732231646
UNAL2012,1.3e-05,-4.886056647693163,-4.910185492896305,1.229743419008348e-05,0.02412884520314229
UNAL2012,1.44e-05,-4.841637507904751,-4.772661504275804,1.6878680628803382e-05,-0.06897600362894707
UNAL2012,1.2e-05,-4.920818753952375,-4.883047613196473,1.309038400753842e-05,-0.037771140755902266
UNAL2012,1.41e-05,-4.85078088734462,-4.889382484384709,1.2900825937409974e-05,0.038601597040088365
UNAL2012,1.6e-05,-4.795880017344075,-4.742049743718625,1.81113263515536e-05,-0.0538302736254499
UNAL2012,1.04e-05,-4.982966660701219,-4.9344435980732975,1.1629375721730993e-05,-0.04852306262792183
UNAL2012,1.3e-05,-4.886056647693163,-4.8841181241141145,1.3058156699455574e-05,-0.0019385235790485567
UNAL2012,1.65e-05,-4.782516055786093,-4.770147094902285,1.6976685572317884e-05,-0.012368960883808455
UNAL2012,6.9e-06,-5.161150909262744,-5.206704649921958,6.21291411425391e-06,0.045553740659213915
UNAL2012,7.5e-06,-5.1249387366083,-5.207790102799364,6.1974052712505425e-06,0.08285136619106392
UNAL2012,8.6e-06,-5.0655015487564325,-5.0494747390049355,8.923295209520338e-06,-0.016026809751497062
UNAL2012,6.8e-06,-5.167491087293763,-5.19513886266578,6.3805943846534295e-06,0.027647775372016348
UNAL2012,7.2e-06,-5.142667503568732,-5.19019964281108,6.453574935065449e-06,0.04753213924234778
UNAL2012,8e-06,-5.096910013008056,-4.98073889058323,1.0453485217162918e-05,-0.1161711224248263
UNAL2012,6.5e-06,-5.187086643357144,-5.1268791383073316,7.466565197766148e-06,-0.06020750504981276
UNAL2012,7e-06,-5.154901959985743,-5.189610058886535,6.462342046058804e-06,0.03470809890079174
UNAL2012,7.8e-06,-5.107905397309519,-5.0065197872939935,9.850997587370826e-06,-0.1013856100155257
UNAL2013,1.5e-13,-12.823908740944319,-12.907102220711248,1.238505042953458e-13,0.08319347976692981
UNAL2013,4.5e-14,-13.346787486224656,-13.213216307152495,6.120454769843754e-14,-0.13357117907216143
UNAL2013,3.5e-14,-13.455931955649724,-13.277108083377923,5.283137533483128e-14,-0.17882387227180097
UNAL2013,8e-15,-14.096910013008056,-13.99031415492299,1.0225530420832151e-14,-0.10659585808506655
UNAL2013,5e-15,-14.301029995663981,-14.291702316253872,5.1085504157630136e-15,-0.009327679410109369
UNAL2013,4.5e-15,-14.346787486224656,-14.290062856801066,5.12787161327768e-15,-0.05672462942358969
UNAL2013,2e-14,-13.698970004336019,-13.560791977373812,2.7492106816445965e-14,-0.1381780269622066
UNAL2013,1.6e-14,-13.795880017344075,-13.969069737373717,1.0738169690081986e-14,0.17318972002964195
UNAL2013,1.2e-14,-13.920818753952375,-13.576887598945051,2.6491856935674625e-14,-0.34393115500732385
UNAL2013,8e-15,-14.096910013008056,-13.528308407336674,2.9627267089383843e-14,-0.5686016056713825
UNAL2013,7.5e-15,-14.1249387366083,-14.155632949023746,6.9882277588539144e-15,0.030694212415445676
UNAL2013,8.5e-15,-14.070581074285707,-14.017945421241194,9.595212091153888e-15,-0.05263565304451312
UNAL2013,1e-13,-13.0,-9.575767503310185,2.65602706803797e-10,-3.4242324966898146
UNAL2023,0.00022,-3.657577319177794,-3.957905862957704,0.00011017781034846169,0.30032854377991036
UNAL2023,0.0003,-3.5228787452803374,-3.6766951832321304,0.00021052555297724977,0.153816437951793
UNAL2023,0.0004,-3.3979400086720375,-3.563310201245879,0.000273331571779944,0.16537019257384156
UNAL2023,0.00018,-3.744727494896694,-3.8062900842007967,0.00015621038968656825,0.061562589304102744
UNAL2023,0.00022,-3.657577319177794,-3.713052291767284,0.0001936188820687684,0.05547497258949008
UNAL2023,0.00027,-3.5686362358410126,-3.605115523767348,0.00024824726715265226,0.03647928792633515
UNAL2023,0.00015,-3.8239087409443187,-3.8829719608204054,0.00013092664499128506,0.05906321987608676
UNAL2023,0.00017,-3.769551078621726,-3.8776949553497237,0.0001325272067880857,0.10814387672799786
UNAL2023,0.00019,-3.721246399047171,-3.7647390886881205,0.0001718940765914002,0.04349268964094932
UNAL2023,0.00013,-3.886056647693163,-3.803953602060039,0.00015705305833277122,-0.08210304563312398
UNAL2023,0.00014,-3.853871964321762,-3.860015539418081,0.0001380334874188448,0.006143575096319243
UNAL2023,0.00016,-3.795880017344075,-3.7212086154127415,0.00019001653072542174,-0.07467140193133348
UNAL2023,0.00025,-3.6020599913279625,-3.9245569854969906,0.00011897152116785645,0.3224969941690281
UNAL2023,0.00023,-3.638272163982407,-3.7235329165296407,0.00018900229750379278,0.08526075254723375
UNAL2023,0.00021,-3.677780705266081,-3.619700471900086,0.00024004879382059647,-0.05808023336599488
UNAL2023,0.00016,-3.795880017344075,-3.7856775220583083,0.00016380323628937385,-0.010202495285766666
UNAL2023,0.00012,-3.9208187539523753,-3.991164386694721,0.00010205531165871694,0.07034563274234573
UNAL2023,8e-05,-4.096910013008056,-4.074501526686236,8.423614302590291e-05,-0.022408486321820575
UNAL2023,6e-05,-4.221848749616356,-4.031658582148029,9.296969749479415e-05,-0.1901901674683275
UNAL2023,0.00022,-3.657577319177794,-3.956942500586626,0.00011042248065987512,0.2993651814088323
UNAL2023,0.0002,-3.6989700043360187,-3.7840979282943534,0.0001644000978545202,0.08512792395833468
UNAL2023,0.00018,-3.744727494896694,-3.68412336859926,0.0002069553374090496,-0.06060412629743395
UNAL2023,0.00014,-3.853871964321762,-3.825000561209559,0.00014962337226109444,-0.02887140311220282
UNAL2023,0.0001,-4.0,-3.987701655732373,0.00010287227499770545,-0.012298344267627215
UNAL2023,7e-05,-4.154901959985743,-4.03993707783771,9.121429843721614e-05,-0.11496488214803335
UNAL2023,5e-05,-4.301029995663981,-4.009937225577801,9.773784844031082e-05,-0.2910927700861805
UYSAL2024,1.83e-06,-5.73754891026957,-5.687286765300021,2.0545335364130095e-06,-0.05026214496954928
UYSAL2024,1.81e-06,-5.7423214251308154,-5.783046409666532,1.647986274666248e-06,0.040724984535716935
UYSAL2024,1.11e-06,-5.954677021213342,-4.931642696654668,1.1704619590537828e-05,-1.0230343245586742
UYSAL2024,1.55e-06,-5.809668301829708,-5.9026091423503075,1.2513847485753005e-06,0.09294084052059937
UYSAL2024,1.43e-06,-5.844663962534939,-5.915731196793571,1.21414010056381e-06,0.07106723425863226
UYSAL2024,1.14e-06,-5.943095148663527,-5.845686493117479,1.4266370774356627e-06,-0.09740865554604827
UYSAL2024,1.15e-06,-5.939302159646388,-5.878206717433309,1.323711319175585e-06,-0.06109544221307939
VAIDYA2022,0.0003116,-3.506402550999473,-4.425690055317844,3.7524070624501265e-05,0.9192875043183708
VAIDYA2022,0.0002334,-3.6318991482906484,-4.493444913941849,3.2103699827951754e-05,0.8615457656512002
VAIDYA2022,0.0001557,-3.8077113874318798,-4.681126548309286,2.0838835754311253e-05,0.8734151608774061
VAIDYA2022,0.0004673,-3.3304042189756866,-3.6900510436071547,0.000204149798871873,0.35964682463146813
VAIDYA2022,0.0002334,-3.6318991482906484,-3.7584709766233537,0.00017439298983042993,0.1265718283327053
VAIDYA2022,0.0002076,-3.68277265082358,-4.01574076932958,9.644045055567189e-05,0.33296811850599983
VAIDYA2022,0.0004673,-3.3304042189756866,-3.0224933529194193,0.0009495255320242515,-0.3079108660562673
VAIDYA2022,0.0004669,-3.3307761260691944,-3.3129955700062834,0.000486412167283065,-0.017780556062910957
VAIDYA2022,0.000519,-3.284832642151542,-3.377974821511567,0.00041881784563504445,0.09314217936002489
VAIDYA2022,0.0002937,-3.5320960534771997,-3.83171556295508,0.00014732770953595307,0.2996195094778802
VAIDYA2022,0.0001467,-3.8335698861567176,-3.6606769513845983,0.00021843541327895,-0.1728929347721193
VAIDYA2022,0.0001467,-3.8335698861567176,-4.20845901121012,6.18786725997814e-05,0.37488912505340277
VAIDYA2022,0.0002937,-3.5320960534771997,-3.5701425270151406,0.0002690651639399415,0.038046473537940884
VAIDYA2022,0.0001467,-3.8335698861567176,-3.7054707856496023,0.00019702857409800313,-0.12809910050711526
VAIDYA2022,0.0001467,-3.8335698861567176,-3.891107624095701,0.00012849681878425117,0.057537737938983646
VAIDYA2022,0.0002937,-3.5320960534771997,-3.4388619088448573,0.0003640307673651428,-0.09323414463234236
VAIDYA2022,0.00022,-3.657577319177794,-3.494499616005592,0.00032025829262869056,-0.16307770317220172
VAIDYA2022,0.0001467,-3.8335698861567176,-3.58687648078728,0.0002588949142533159,-0.24669340536943762
VIKRAM2024,1.4e-05,-4.853871964321762,-4.77586649904496,1.675457828102603e-05,-0.07800546527680208
VIKRAM2024,1.5e-05,-4.823908740944319,-4.892722269371388,1.2801997281238346e-05,0.06881352842706967
VIKRAM2024,1.6e-05,-4.795880017344075,-4.583562768903058,2.608778647055636e-05,-0.21231724844101674
VIKRAM2024,1.5e-05,-4.823908740944319,-4.823263760732957,1.5022293377392458e-05,-0.000644980211361279
VIKRAM2024,1.6e-05,-4.795880017344075,-4.900678799453958,1.2569592564979889e-05,0.10479878210988325
VIKRAM2024,1.7e-05,-4.769551078621726,-4.543329334166017,2.8620068299500208e-05,-0.2262217444557093
VIKRAM2024,1.4e-05,-4.853871964321762,-4.91565383237132,1.214356404519289e-05,0.06178186804955832
VIKRAM2024,1.5e-05,-4.823908740944319,-4.885804947052155,1.3007536491592126e-05,0.06189620610783653
VIKRAM2024,1.6e-05,-4.795880017344075,-4.596606152780451,2.5315927730372085e-05,-0.19927386456362406
VIKRAM2024,1.8e-06,-5.7447274948966935,-5.243176697223654,5.7124617194262106e-06,-0.5015507976730396
VIKRAM2024,2e-06,-5.698970004336019,-5.654984908365563,2.213171615479504e-06,-0.043985095970455745
VIKRAM2024,2.2e-06,-5.657577319177793,-5.58821807953595,2.580963842736498e-06,-0.06935923964184365
VIKRAM2024,2e-06,-5.698970004336019,-5.674289160756944,2.116951163310183e-06,-0.024680843579075074
VIKRAM2024,2.2e-06,-5.657577319177793,-5.720055553939919,1.9052169914492657e-06,0.06247823476212577
VIKRAM2024,2.5e-06,-5.6020599913279625,-5.570553489968599,2.688106741458845e-06,-0.03150650135936317
VIKRAM2024,1.7e-06,-5.769551078621726,-5.532838148929568,2.931985721974313e-06,-0.23671292969215774
VIKRAM2024,1.9e-06,-5.721246399047171,-5.599108248476565,2.5170494716403186e-06,-0.12213815057060629
VIKRAM2024,2.1e-06,-5.6777807052660805,-5.517503491586741,3.037361672445477e-06,-0.16027721367933978
VIKRAM2024,2.8e-06,-5.552841968657781,-5.266888250715915,5.408934835524705e-06,-0.2859537179418652
VIKRAM2024,3e-06,-5.522878745280337,-5.632351998964936,2.3315675431021644e-06,0.10947325368459904
VIKRAM2024,3.3e-06,-5.481486060122113,-5.516966101973506,3.041122385413558e-06,0.035480041851393196
VIKRAM2024,3e-06,-5.522878745280337,-5.488025759271792,3.250680160819418e-06,-0.034852986008545805
VIKRAM2024,3.2e-06,-5.494850021680094,-5.638091126590019,2.3009589640623898e-06,0.14324110490992492
VIKRAM2024,3.5e-06,-5.455931955649724,-5.398161714644648,3.997958533655177e-06,-0.057770241005075995
VIKRAM2024,2.7e-06,-5.568636235841013,-5.403948350174745,3.945042169294149e-06,-0.16468788566626813
VIKRAM2024,2.9e-06,-5.5376020021010435,-5.606827022325717,2.472708818479649e-06,0.0692250202246738
VIKRAM2024,3.1e-06,-5.508638306165727,-5.360326955860575,4.361873277217975e-06,-0.14831135030515163
VIKRAM2024,2.8e-06,-5.552841968657781,-5.297079981005866,5.0456836614626584e-06,-0.2557619876519146
VIKRAM2024,3e-06,-5.522878745280337,-5.625227790167905,2.370130231477423e-06,0.10234904488756769
VIKRAM2024,3.3e-06,-5.481486060122113,-5.545976497218269,2.8446150457554696e-06,0.06449043709615587
VIKRAM2024,3e-06,-5.522878745280337,-5.388218844631069,4.090544818036036e-06,-0.13465990064926814
VIKRAM2024,3.2e-06,-5.494850021680094,-5.622853653125931,2.3831223894302676e-06,0.12800363144583748
VIKRAM2024,3.5e-06,-5.455931955649724,-5.406890866184758,3.918403302530084e-06,-0.04904108946496599
VIKRAM2024,2.7e-06,-5.568636235841013,-5.436615764052128,3.6591838960244205e-06,-0.1320204717888851
VIKRAM2024,2.9e-06,-5.5376020021010435,-5.526529307748687,2.974888495965466e-06,-0.011072694352356471
VIKRAM2024,3.1e-06,-5.508638306165727,-5.357897190303788,4.38634522591061e-06,-0.15074111586193872
WALCZAK2022,2.51e-06,-5.600326278518962,-4.512503319730858,3.07253387884305e-05,-1.0878229587881032
WALCZAK2022,6.65e-06,-5.1771783546968955,-5.094717145521067,8.040496264017487e-06,-0.08246120917582811
WALCZAK2022,3.08e-05,-4.511449283499556,-5.1106390470035015,7.751057399168286e-06,0.5991897635039454
WALCZAK2022,7.84e-06,-5.105683937315562,-4.536090142115169,2.910113032634019e-05,-0.5695937952003929
WALCZAK2022,4.47e-05,-4.349692476868063,-5.154026837681001,7.014119525966574e-06,0.8043343608129376
WALCZAK2022,0.000181,-3.7423214251308154,-4.69064590407954,2.038703628689732e-05,0.9483244789487246
WALCZAK2022,4.91e-06,-5.308918507877031,-4.339103102253894,4.5803313595520884e-05,-0.9698154056231374
WALCZAK2022,2.69e-05,-4.570247719997592,-3.9742401126664606,0.0001061108729359695,-0.5960076073311318
WANG2018,0.00123,-2.910094888560602,-3.1830928840408683,0.000656004949284311,0.2729979954802664
WANG2018,0.00098,-3.0087739243075053,-3.1930861179561223,0.0006410824412288933,0.18431219364861695
WANG2018,0.0006,-3.2218487496163566,-3.0998681166832345,0.0007945694870411644,-0.12198063293312211
WANG2018,0.00144,-2.8416375079047502,-3.010118073000121,0.0009769715725268038,0.16848056509537068
WANG2018,0.00119,-2.9244530386074694,-3.0700743854894985,0.0008509922686830362,0.1456213468820291
WANG2018,0.00069,-3.161150909262745,-3.1085380708857135,0.0007788645351634205,-0.052612838377031235
WANG2018,0.00156,-2.8068754016455384,-3.142130348863067,0.0007208910789302878,0.3352549472175288
WANG2018,0.00127,-2.896196279044043,-3.0192653416219253,0.0009566094314584772,0.12306906257788208
WANG2018,0.00078,-3.1079053973095196,-3.1896381635554114,0.0006461923859518613,0.08173276624589176
WANG2018,0.00175,-2.7569619513137056,-4.277841771914664,5.2742198398861966e-05,1.5208798206009586
WANG2018,0.00132,-2.87942606879415,-3.4244281031844026,0.00037633264843003574,0.5450020343902526
WANG2018,0.00098,-3.0087739243075053,-3.1273493524041958,0.0007458485462904295,0.11857542809669042
WANG2018,0.00098,-3.0087739243075053,-3.1641855977713558,0.0006851953424507329,0.15541167346385043
WANG2018,0.00082,-3.0861861476162833,-2.9797138717091474,0.0010478186600225774,-0.10647227590713593
WANG2018,0.00048,-3.318758762624413,-3.1359582198652594,0.0007312094241395679,-0.18280054275915347
WANG2018,0.00112,-2.9507819773298185,-2.9949745998612154,0.001011638619206708,0.044192622531396886
WANG2018,0.00091,-3.0409586076789066,-3.0261061540646548,0.0009416593997447722,-0.014852453614251804
WANG2018,0.00055,-3.2596373105057563,-3.2605222107141545,0.0005488804840109601,0.0008849002083981539
WANG2018,0.00131,-2.8827287043442356,-3.141759432851181,0.0007215070302536216,0.25903072850694553
WANG2018,0.0011,-2.958607314841775,-3.125345053251393,0.0007492986441538688,0.1667377384096178
WANG2018,0.00068,-3.167491087293764,-3.0935927052434353,0.0008061341042216595,-0.0738983820503285
YOU2014,0.000435,-3.3615107430453626,-3.5962242727491955,0.0002533819810072592,0.23471352970383297
YOU2014,6e-05,-4.221848749616356,-4.466314584750018,3.4173181661113106e-05,0.2444658351336617
YOU2014,4.5e-05,-4.346787486224656,-4.4730459424851725,3.364759728834317e-05,0.12625845626051646
YOU2014,3.5e-05,-4.455931955649724,-4.72083258708267,1.9018112535733587e-05,0.26490063143294584
YOU2014,2.8e-05,-4.552841968657781,-4.835000776133613,1.4621745613822099e-05,0.2821588074758328
YOU2014,1.8e-05,-4.7447274948966935,-4.6806358030497215,2.0862396587760754e-05,-0.06409169184697205
YOU2014,9.8e-06,-5.008773924307505,-4.565593723013588,2.7189816523630698e-05,-0.44318020129391655
YOU2014,8.5e-06,-5.070581074285707,-4.68054617088956,2.086670273192813e-05,-0.3900349033961472
YOU2014,7.2e-06,-5.142667503568732,-4.7633006280255,1.7246436430960534e-05,-0.3793668755432318
YOU2014,0.0005,-3.3010299956639813,-3.591185052121266,0.0002563391547113037,0.29015505645728457
YOU2014,0.00058,-3.2365720064370627,-3.4993590094964877,0.000316694842303378,0.26278700305942504
YOU2014,0.00065,-3.1870866433571443,-3.5860621178011063,0.00025938083392287555,0.398975474443962
YOU2014,0.00072,-3.1426675035687315,-3.6513187235503075,0.0002231933632109912,0.508651219981576
YOU2014,1.14e-05,-4.943095148663527,-4.657399113013889,2.2009029219217715e-05,-0.2856960356496385
YOU2014,2.5e-05,-4.6020599913279625,-4.891344885211496,1.2842663835698442e-05,0.28928489388353373
YOU2014,1.12e-05,-4.950781977329818,-4.903973917923196,1.247458429607846e-05,-0.04680805940662225
YOU2014,3.8e-05,-4.42021640338319,-4.429859544676489,3.716554068620805e-05,0.009643141293299351
YOU2014,1.8e-05,-4.7447274948966935,-4.800390683948737,1.583468090525485e-05,0.05566318905204337
YOU2014,1.4e-05,-4.853871964321762,-4.829596422566683,1.4804835201003653e-05,-0.0242755417550784
YOU2014,1.7e-05,-4.769551078621726,-4.773045697341722,1.686375572212373e-05,0.003494618719996012
YOU2014,2.1e-05,-4.6777807052660805,-4.78404134923256,1.644215169828003e-05,0.10626064396647994
YOU2014,9.5e-06,-5.022276394711152,-4.750524142600786,1.7761345295280593e-05,-0.2717522521103666
YOU2014,8e-06,-5.096910013008056,-5.0624808628152085,8.660024829156206e-06,-0.03442915019284776
YOU2014,6.8e-06,-5.167491087293763,-5.5072567841894,3.10987702434921e-06,0.3397656968956362
ZAGHLOUL2023,0.012371,-1.9075951931009922,-1.8976791746855142,0.012656709882807623,-0.009916018415478067
ZAGHLOUL2023,0.011327,-1.9458850994894141,-1.902215884327362,0.012525184032461301,-0.04366921516205213
ZAGHLOUL2023,0.009951,-2.002133273760855,-2.0472865151038273,0.00896836933178494,0.04515324134297227
ZAGHLOUL2023,0.007551,-2.121995529731975,-2.0397557162757507,0.009125239752191866,-0.08223981345622411
ZAGHLOUL2023,0.010117,-1.994948250006004,-1.84975578970587,0.014133320590106272,-0.145192460300134
ZAGHLOUL2023,0.009563,-2.0194058442237797,-1.9852129941000403,0.010346346190897443,-0.034192850123739404
ZAGHLOUL2023,0.007161,-2.145026326273583,-2.197763290892776,0.006342152915877677,0.05273696461919286
ZAGHLOUL2023,0.006569,-2.1825007381322417,-2.2184081033883793,0.006047723074865027,0.03590736525613769
ZAGHLOUL2023,0.007391,-2.1312967977214634,-2.0393309643193,0.00913416885356649,-0.09196583340216336
ZAGHLOUL2023,0.012728,-1.8952398333614748,-1.9930673911725738,0.010160910098225968,0.09782755781109898
ZAGHLOUL2023,0.022234,-1.6529823986750514,-1.772097768119425,0.01690060423402229,0.11911536944437362
ZAGHLOUL2023,0.026859,-1.5709101607874267,-1.6901722699764434,0.02040928216681347,0.1192621091890167
ZAGHLOUL2023,0.005877,-2.2308443092856014,-2.1611738657577737,0.006899635280585124,-0.0696704435278277
ZAGHLOUL2023,0.006521,-2.1856857997925405,-2.167945568568478,0.006792887645827928,-0.01774023122406243
ZAGHLOUL2023,0.008484,-2.0713993401554758,-2.046810462587929,0.008978205412554266,-0.024588877567546685
ZAGHLOUL2023,0.018376,-1.7357490178130304,-1.9482210923370067,0.01126623764117711,0.21247207452397632
ZAGHLOUL2023b,0.00654,-2.184422251675733,-2.1039175702942106,0.007871951862745032,-0.08050468138152223
ZAGHLOUL2023b,0.012079,-1.917969018732988,-2.042016284595835,0.00907786490571701,0.12404726586284709
ZAGHLOUL2023b,0.007457,-2.1274358569093486,-2.3679954611764114,0.0042855299919323025,0.2405596042670628
ZAGHLOUL2023b,0.010556,-1.976500618451988,-2.0166736623899784,0.00962335124740184,0.04017304393799037
ZAGHLOUL2023b,0.009725,-2.012110390002255,-2.0253019442391835,0.00943404743901719,0.013191554236928749
ZHOU2018,1.71e-05,-4.767003889607846,-2.8785779036738344,0.0013225804424646522,-1.8884259859340116
ZHOU2018,1.62e-05,-4.790484985457369,-4.801765747513944,1.5784624411116237e-05,0.011280762056574467
ZHOU2018,1.36e-05,-4.866461091629782,-4.917659998498339,1.2087597815219438e-05,0.05119890686855655
ZHOU2018,1.23e-05,-4.910094888560602,-4.915595964199078,1.2145182239079784e-05,0.005501075638475683
ZHOU2018,1.07e-05,-4.97061622231479,-4.917659998498339,1.2087597815219438e-05,-0.0529562238164516
ZHOU2018,9.9e-06,-5.00436480540245,-4.897722537407161,1.2655446219528234e-05,-0.10664226799528898
